0.015831;0.1564;0.5267;0.8707;1.030
0.017006;0.1642;0.5365;0.8521;1.020
0.018187;0.1593;0.5336;0.8492;1.015
0.019153;0.1632;0.5355;0.8512;1.019
0.019692;0.1671;0.5443;0.8502;1.023
0.020307;0.1652;0.5345;0.8541;1.021
0.020778;0.1612;0.5306;0.8639;1.027
0.021257;0.1671;0.5355;0.8736;1.038
0.021788;0.1710;0.5345;0.8727;1.038
0.022340;0.1642;0.5297;0.8736;1.035
0.022815;0.1739;0.5365;0.8707;1.037
0.025506;0.1573;0.5365;0.8707;1.035
0.045416;0.1671;0.5297;0.8668;1.029
0.046456;0.1652;0.5287;0.8678;1.029
0.046966;0.1720;0.5326;0.8551;1.022
0.047467;0.1700;0.5326;0.8600;1.026
0.051402;0.1720;0.5336;0.8619;1.028
0.083829;0.1661;0.5267;0.8473;1.011
0.084767;0.1681;0.5336;0.8502;1.018
0.085263;0.1642;0.5297;0.8590;1.022
0.085775;0.1691;0.5316;0.8600;1.025
0.086325;0.1739;0.5297;0.8697;1.033
0.086752;0.1720;0.5326;0.8580;1.024
0.087285;0.1642;0.5365;0.8707;1.036
0.094249;0.1710;0.5355;0.8619;1.029
0.095050;0.1681;0.5394;0.8600;1.029
0.112104;0.1652;0.5385;0.8639;1.031
0.113033;0.1671;0.5385;0.8541;1.023
0.113609;0.1661;0.5394;0.8590;1.028
0.114289;0.1583;0.5355;0.8658;1.030
0.144300;0.1622;0.5404;0.8648;1.033
0.145210;0.1652;0.5277;0.8580;1.021
0.145810;0.1691;0.5306;0.8570;1.022
0.146519;0.1661;0.5375;0.8560;1.024
0.146985;0.1652;0.5385;0.8639;1.031
0.147444;0.1652;0.5345;0.8619;1.028
0.154463;0.1612;0.5336;0.8707;1.034
0.155379;0.1710;0.5336;0.8580;1.025
0.158776;0.1652;0.5316;0.8551;1.020
0.163885;0.1661;0.5306;0.8629;1.027
0.168940;0.1661;0.5355;0.8678;1.033
0.173931;0.1564;0.5297;0.8668;1.028
0.178740;0.1661;0.5287;0.8785;1.039
0.190725;0.1642;0.5345;0.8775;1.041
0.191605;0.1661;0.5316;0.8766;1.039
0.194156;0.1593;0.5385;0.8717;1.037
0.213572;0.1622;0.5355;0.8707;1.035
0.214743;0.1661;0.5375;0.8678;1.034
0.215304;0.1661;0.5385;0.8658;1.033
0.215722;0.1632;0.5385;0.8688;1.035
0.223933;0.1749;0.5394;0.8619;1.032
0.224852;0.1749;0.5355;0.8697;1.036
0.228820;0.1642;0.5375;0.8551;1.023
0.234258;0.1661;0.5365;0.8590;1.026
0.238917;0.1661;0.5355;0.8560;1.023
0.243868;0.1691;0.5345;0.8600;1.027
0.249821;0.1710;0.5345;0.8521;1.020
0.253932;0.1749;0.5277;0.8316;1.000
0.258759;0.1671;0.5306;0.8355;1.004
0.263757;0.1642;0.5248;0.8414;1.005
0.268791;0.1661;0.5267;0.8521;1.015
0.274129;0.1710;0.5316;0.8336;1.003
0.278991;0.1622;0.5365;0.8707;1.036
0.294565;0.1603;0.5394;0.8922;1.055
0.295379;0.1642;0.5385;0.8883;1.052
0.295788;0.1652;0.5306;0.8805;1.041
0.298884;0.1710;0.5277;0.8736;1.035
0.304084;0.1652;0.5326;0.8727;1.036
0.309004;0.1681;0.5297;0.8619;1.026
0.323695;0.1710;0.5345;0.8560;1.024
0.324604;0.1661;0.5365;0.8648;1.031
0.325109;0.1700;0.5375;0.8629;1.031
0.328631;0.1681;0.5355;0.8590;1.026
0.333759;0.1710;0.5394;0.8590;1.029
0.338629;0.1642;0.5306;0.8590;1.023
0.343840;0.1632;0.5345;0.8512;1.018
0.349227;0.1671;0.5306;0.8580;1.023
0.353627;0.1603;0.5248;0.8551;1.016
0.359094;0.1652;0.5267;0.8609;1.023
0.365472;0.1681;0.5257;0.8609;1.023
0.368581;0.1583;0.5277;0.8600;1.021
0.374041;0.1720;0.5375;0.8600;1.029
0.378779;0.1691;0.5336;0.8453;1.014
0.383783;0.1661;0.5345;0.8463;1.015
0.388792;0.1603;0.5345;0.8815;1.043
0.393910;0.1593;0.5355;0.8746;1.038
0.406841;0.1691;0.5375;0.8639;1.031
0.408055;0.1652;0.5355;0.8785;1.042
0.408696;0.1642;0.5375;0.8883;1.051
0.429613;0.1700;0.5336;0.8736;1.038
0.431012;0.1652;0.5365;0.8639;1.030
0.431556;0.1779;0.5326;0.8600;1.027
0.432031;0.1739;0.5404;0.8541;1.026
0.433608;0.1681;0.5404;0.8600;1.029
0.438999;0.1720;0.5355;0.8521;1.021
0.443869;0.1730;0.5355;0.8473;1.017
0.448981;0.1700;0.5316;0.8570;1.023
0.453766;0.1652;0.5394;0.8560;1.025
0.458649;0.1691;0.5297;0.8551;1.020
0.464118;0.1681;0.5355;0.8629;1.029
0.468968;0.1612;0.5306;0.8756;1.036
0.473626;0.1612;0.5326;0.8639;1.028
0.478824;0.1652;0.5355;0.8580;1.025
0.491296;0.1603;0.5375;0.8580;1.025
0.493238;0.1642;0.5316;0.8619;1.026
0.494700;0.1622;0.5336;0.8531;1.019
0.531836;0.1710;0.5394;0.8521;1.023
0.534884;0.1622;0.5248;0.8414;1.005
0.536894;0.1720;0.5287;0.8570;1.022
0.538679;0.1652;0.5287;0.8541;1.018
0.540320;0.1720;0.5326;0.8668;1.032
0.541838;0.1681;0.5345;0.8746;1.039
0.543225;0.1700;0.5365;0.8775;1.043
0.544558;0.1730;0.5248;0.8590;1.021
0.546051;0.1632;0.5385;0.8785;1.043
0.547517;0.1622;0.5336;0.8932;1.053
0.548849;0.1573;0.5433;0.9049;1.067
0.554361;0.1642;0.5277;0.8912;1.049
0.559426;0.1632;0.5316;0.8854;1.046
0.601405;0.1700;0.5297;0.8570;1.022
0.603555;0.1671;0.5404;0.8189;0.995
0.604920;0.1700;0.5424;0.8189;0.997
0.606364;0.1632;0.5345;0.8482;1.016
0.607762;0.1603;0.5365;0.8658;1.031
0.609138;0.1642;0.5267;0.8531;1.016
0.610658;0.1632;0.5297;0.8551;1.019
0.611750;0.1691;0.5336;0.8551;1.022
0.612877;0.1642;0.5306;0.8473;1.013
0.615362;0.1612;0.5306;0.8521;1.017
0.615931;0.1622;0.5375;0.8639;1.030
0.619242;0.1564;0.5336;0.8688;1.031
0.623947;0.1583;0.5306;0.8727;1.034
0.629327;0.1788;0.5551;0.8746;1.051
0.649328;0.1935;0.5472;0.8727;1.048
0.650807;0.1886;0.5355;0.8629;1.033
0.651324;0.2042;0.5199;0.8805;1.043
0.651731;0.1974;0.5130;0.8727;1.031
0.654788;0.2072;0.5042;0.8600;1.018
0.659396;0.2228;0.5013;0.8648;1.024
0.694293;0.2238;0.4925;0.8658;1.021
0.695933;0.2492;0.4974;0.8658;1.029
0.696620;0.2189;0.5140;0.8727;1.036
0.697056;0.2218;0.5062;0.8600;1.022
0.697474;0.2199;0.5072;0.8717;1.032
0.698232;0.2101;0.5062;0.8629;1.022
0.699190;0.2003;0.5111;0.8619;1.022
0.700026;0.2081;0.5072;0.8521;1.013
0.706174;0.1945;0.5111;0.8551;1.015
0.708865;0.1896;0.5140;0.8453;1.007
0.714023;0.1671;0.5023;0.8443;0.997
0.727623;0.1788;0.5013;0.8590;1.011
0.729217;0.1485;0.5042;0.8521;1.001
0.730210;0.1427;0.5121;0.8697;1.019
0.768954;0.0938;0.5306;0.8629;1.017
0.770878;0.0870;0.5414;0.8766;1.034
0.771487;0.0772;0.5424;0.8668;1.025
0.771923;0.0782;0.5365;0.8785;1.032
0.772352;0.0860;0.5326;0.8639;1.018
0.772794;0.0665;0.5365;0.8746;1.028
0.773346;0.0704;0.5238;0.8570;1.007
0.774262;0.0381;0.5267;0.8443;0.996
0.774916;0.0381;0.5287;0.8443;0.997
0.779418;0.0430;0.5345;0.8648;1.018
0.785209;0.0420;0.5443;0.8707;1.028
0.789537;0.0498;0.5521;0.8600;1.023
0.794550;0.0518;0.5824;0.8815;1.058
0.809461;0.0459;0.5902;0.8766;1.058
0.811041;0.0586;0.6000;0.8775;1.065
0.812114;0.0381;0.6039;0.8639;1.055
0.849174;0.0391;0.6020;0.8648;1.054
0.851075;0.0371;0.6108;0.8678;1.062
0.851738;0.0352;0.5932;0.8600;1.045
0.852191;0.0147;0.5844;0.8570;1.037
0.852936;0.0088;0.5629;0.8658;1.033
0.853538;0.0107;0.5463;0.8697;1.027
0.854452;0.0225;0.5404;0.8688;1.023
0.855100;0.0235;0.5443;0.8600;1.018
0.855636;0.0029;0.5443;0.8385;1.000
0.859676;-0.0039;0.5424;0.8482;1.007
0.864282;-0.0264;0.5502;0.8560;1.018
0.869347;-0.0020;0.5443;0.8463;1.006
0.874396;0.0010;0.5404;0.8521;1.009
0.879644;0.0137;0.5306;0.8482;1.001
0.893184;-0.0127;0.5394;0.8521;1.009
0.894942;-0.0059;0.5424;0.8736;1.028
0.895651;-0.0156;0.5443;0.8834;1.038
0.933204;-0.0176;0.5502;0.8766;1.035
0.935030;-0.0244;0.5619;0.8678;1.034
0.935631;-0.0489;0.5570;0.8658;1.031
0.936068;-0.0215;0.5531;0.8707;1.032
0.936480;-0.0283;0.5482;0.8668;1.026
0.936935;-0.0225;0.5580;0.8668;1.031
0.937415;-0.0195;0.5502;0.8824;1.040
0.938108;-0.0342;0.5482;0.8707;1.029
0.939617;-0.0293;0.5492;0.8648;1.025
0.944976;-0.0313;0.5541;0.8629;1.026
0.949801;-0.0362;0.5502;0.8678;1.028
0.954707;-0.0440;0.5619;0.8639;1.031
0.959269;-0.0528;0.5580;0.8580;1.025
0.966535;-0.0489;0.5472;0.8502;1.012
0.969372;-0.0410;0.5433;0.8551;1.014
0.974841;-0.0450;0.5463;0.8658;1.025
0.980721;-0.0381;0.5375;0.8590;1.014
0.985411;-0.0381;0.5375;0.8590;1.014
0.989576;-0.0352;0.5433;0.8512;1.010
0.994265;-0.0283;0.5394;0.8560;1.012
1.008541;-0.0371;0.5385;0.8531;1.010
1.010127;-0.0469;0.5248;0.8580;1.007
1.010862;-0.0283;0.5170;0.8629;1.006
1.049388;-0.0283;0.5326;0.8580;1.010
1.051255;-0.0498;0.5297;0.8560;1.008
1.051858;-0.0479;0.5355;0.8668;1.020
1.052279;-0.0645;0.5394;0.8678;1.024
1.052697;-0.0352;0.5375;0.8639;1.018
1.053174;-0.0655;0.5531;0.8688;1.032
1.054019;-0.0567;0.5580;0.8688;1.034
1.054811;-0.0567;0.5551;0.8658;1.030
1.055410;-0.0586;0.5687;0.8609;1.033
1.059554;-0.0489;0.5717;0.8678;1.040
1.066249;-0.0440;0.5639;0.8658;1.034
1.069304;-0.0498;0.5639;0.8473;1.019
1.074138;-0.0665;0.5697;0.8365;1.014
1.079384;-0.0880;0.5629;0.8394;1.015
1.084409;-0.1114;0.5658;0.8629;1.038
1.089773;-0.1212;0.5619;0.8648;1.038
1.094232;-0.1065;0.5580;0.8609;1.031
1.115615;-0.0733;0.5629;0.8570;1.028
1.117825;-0.0752;0.5629;0.8629;1.033
1.121632;-0.0704;0.5639;0.8678;1.037
1.122447;-0.0743;0.5482;0.8521;1.016
1.122969;-0.0792;0.5433;0.8658;1.025
1.124503;-0.0772;0.5238;0.8795;1.027
1.129564;-0.0596;0.5218;0.8736;1.019
1.159614;-0.0674;0.5150;0.8688;1.012
1.161607;-0.0762;0.5179;0.8639;1.010
1.162877;-0.0840;0.5189;0.8560;1.005
1.164150;-0.0889;0.5218;0.8619;1.011
1.165791;-0.1085;0.5385;0.8600;1.020
1.167246;-0.1153;0.5248;0.8473;1.003
1.169103;-0.1085;0.5140;0.8570;1.005
1.170462;-0.1212;0.5062;0.8531;0.999
1.174568;-0.1319;0.5013;0.8590;1.003
1.179522;-0.1368;0.4886;0.8697;1.007
1.185618;-0.1349;0.4945;0.8560;0.998
1.189307;-0.1368;0.4886;0.8521;0.992
1.195053;-0.1378;0.4925;0.8639;1.004
1.218224;-0.1339;0.4964;0.8521;0.995
1.220327;-0.1143;0.5023;0.8668;1.008
1.221100;-0.1163;0.5160;0.8648;1.014
1.221852;-0.1222;0.5111;0.8492;0.999
1.223130;-0.1241;0.5189;0.8678;1.019
1.224082;-0.1427;0.5248;0.8590;1.017
1.228859;-0.1544;0.5297;0.8541;1.017
1.260054;-0.1534;0.5257;0.8600;1.020
1.261824;-0.1603;0.5150;0.8658;1.020
1.263176;-0.1739;0.5228;0.8658;1.026
1.264056;-0.1798;0.5199;0.8502;1.013
1.264978;-0.1759;0.5091;0.8560;1.011
1.266199;-0.1876;0.5033;0.8590;1.013
1.267072;-0.1710;0.5023;0.8531;1.005
1.272335;-0.1710;0.5023;0.8560;1.007
1.274447;-0.1573;0.5091;0.8560;1.008
1.279379;-0.1671;0.5130;0.8560;1.012
1.284530;-0.1808;0.5277;0.8551;1.021
1.289428;-0.1876;0.5336;0.8609;1.030
1.294269;-0.1818;0.5492;0.8570;1.034
1.308363;-0.1769;0.5639;0.8512;1.036
1.310530;-0.1769;0.5394;0.8551;1.026
1.311227;-0.1867;0.5433;0.8697;1.042
1.341298;-0.1945;0.5267;0.8521;1.020
1.343132;-0.1808;0.5277;0.8512;1.018
1.343834;-0.1749;0.5512;0.8453;1.024
1.344383;-0.1612;0.5502;0.8433;1.020
1.344903;-0.1642;0.5443;0.8502;1.023
1.345563;-0.1915;0.5336;0.8531;1.024
1.346898;-0.1837;0.5218;0.8629;1.025
1.352817;-0.1749;0.5218;0.8668;1.027
1.355310;-0.1583;0.5199;0.8629;1.020
1.359483;-0.1788;0.5365;0.8766;1.043
1.366355;-0.1652;0.5228;0.8658;1.025
1.370087;-0.1456;0.5248;0.8629;1.020
1.374583;-0.1319;0.5130;0.8717;1.020
1.379716;-0.1368;0.5179;0.8697;1.021
1.384110;-0.1417;0.5189;0.8619;1.016
1.389608;-0.1417;0.5140;0.8512;1.004
1.394109;-0.1730;0.5189;0.8473;1.008
1.407803;-0.1896;0.5023;0.8375;0.995
1.409543;-0.1847;0.4906;0.8424;0.992
1.411126;-0.1847;0.4642;0.8648;0.999
1.414283;-0.1994;0.4661;0.8473;0.987
1.446778;-0.2287;0.4661;0.8688;1.012
1.449149;-0.2668;0.4818;0.8512;1.014
1.450234;-0.2746;0.4847;0.8502;1.016
1.451108;-0.2805;0.4808;0.8482;1.015
1.452356;-0.2726;0.4827;0.8433;1.009
1.453978;-0.2941;0.5072;0.8580;1.039
1.454871;-0.2668;0.5121;0.8570;1.033
1.455392;-0.2453;0.5179;0.8502;1.025
1.459342;-0.2287;0.5257;0.8580;1.032
1.466042;-0.2306;0.5385;0.8541;1.036
1.468869;-0.2101;0.5541;0.8482;1.035
1.474749;-0.2345;0.5521;0.8414;1.033
1.479686;-0.2257;0.5590;0.8424;1.036
1.484630;-0.2277;0.5639;0.8443;1.041
1.488912;-0.1994;0.5531;0.8453;1.030
1.493992;-0.2209;0.5482;0.8433;1.030
1.508446;-0.2052;0.5482;0.8580;1.039
1.510532;-0.1837;0.5306;0.8512;1.020
1.511287;-0.1837;0.5189;0.8414;1.005
1.535185;-0.1886;0.5160;0.8443;1.007
1.537229;-0.1925;0.5052;0.8473;1.005
1.538455;-0.1730;0.4906;0.8668;1.011
1.539161;-0.2189;0.5101;0.8531;1.018
1.540396;-0.2502;0.5072;0.8600;1.029
1.541195;-0.2658;0.5130;0.8502;1.028
1.544732;-0.3108;0.5082;0.8531;1.040
1.549316;-0.3186;0.5179;0.8648;1.057
1.554328;-0.3156;0.5228;0.8756;1.068
1.559114;-0.3078;0.5257;0.8482;1.044
1.565584;-0.2883;0.5248;0.8404;1.032
1.568874;-0.2678;0.5277;0.8453;1.032
1.573930;-0.2580;0.5140;0.8473;1.024
1.579563;-0.2541;0.5101;0.8365;1.012
1.584469;-0.2511;0.4984;0.8297;1.000
1.589540;-0.2531;0.4935;0.8404;1.007
1.594079;-0.2492;0.4867;0.8404;1.003
1.608485;-0.2336;0.4994;0.8473;1.011
1.610495;-0.2580;0.4935;0.8502;1.016
1.611294;-0.2824;0.4857;0.8394;1.010
1.636168;-0.2863;0.4886;0.8560;1.026
1.638319;-0.3010;0.5013;0.8570;1.037
1.639373;-0.3108;0.5101;0.8697;1.055
1.639946;-0.3137;0.5052;0.8678;1.052
1.641135;-0.3293;0.5130;0.8766;1.068
1.642398;-0.3254;0.4945;0.8795;1.060
1.644067;-0.3264;0.4964;0.8795;1.061
1.649147;-0.3381;0.4925;0.8629;1.050
1.654008;-0.3313;0.4808;0.8639;1.043
1.659147;-0.3000;0.4847;0.8463;1.020
1.666052;-0.2932;0.4808;0.8297;1.003
1.669876;-0.2814;0.4730;0.8150;0.983
1.674126;-0.2717;0.4730;0.8140;0.980
1.679711;-0.2531;0.4759;0.8082;0.971
1.684480;-0.2209;0.4671;0.8072;0.958
1.688928;-0.2238;0.4515;0.8179;0.961
1.694004;-0.2238;0.4339;0.8258;0.959
1.708778;-0.2169;0.4319;0.8346;0.964
1.710662;-0.2267;0.4261;0.8258;0.956
1.711690;-0.2189;0.4290;0.8238;0.954
1.733542;-0.2267;0.4329;0.8355;0.968
1.735087;-0.2267;0.4319;0.8512;0.981
1.735695;-0.2521;0.4466;0.8629;1.004
1.736532;-0.2580;0.4544;0.8697;1.015
1.736999;-0.2766;0.4681;0.8433;1.003
1.738808;-0.2834;0.4837;0.8355;1.006
1.744129;-0.3059;0.4906;0.8316;1.013
1.748705;-0.3205;0.5091;0.8199;1.017
1.754236;-0.3391;0.5267;0.8287;1.039
1.759171;-0.3411;0.5170;0.8238;1.031
1.764968;-0.3577;0.5101;0.8336;1.041
1.768955;-0.3391;0.4915;0.8297;1.022
1.773922;-0.3469;0.4876;0.8424;1.033
1.778985;-0.3518;0.4818;0.8531;1.041
1.783835;-0.3498;0.4661;0.8541;1.034
1.788691;-0.3528;0.4749;0.8580;1.042
1.793895;-0.3479;0.4652;0.8531;1.032
1.806537;-0.3342;0.4691;0.8551;1.031
1.808166;-0.3518;0.4740;0.8551;1.039
1.808892;-0.3508;0.4847;0.8316;1.025
1.832029;-0.3508;0.4818;0.8385;1.029
1.833408;-0.3225;0.4700;0.8346;1.011
1.834543;-0.2805;0.4505;0.8502;1.002
1.835194;-0.2560;0.4329;0.8433;0.982
1.835995;-0.2531;0.4349;0.8512;0.989
1.838859;-0.2599;0.4407;0.8463;0.989
1.843780;-0.2707;0.4446;0.8512;0.998
1.850947;-0.2726;0.4525;0.8336;0.987
1.854077;-0.2863;0.4622;0.8258;0.989
1.859385;-0.2961;0.4495;0.8082;0.971
1.864752;-0.2756;0.4134;0.8267;0.965
1.868695;-0.3196;0.4437;0.8521;1.012
1.873728;-0.3205;0.4661;0.8648;1.033
1.879031;-0.3401;0.4642;0.8541;1.030
1.883709;-0.3626;0.4603;0.8590;1.040
1.889003;-0.3968;0.4622;0.8521;1.047
1.894116;-0.3840;0.4398;0.8385;1.022
1.907078;-0.3909;0.4016;0.8287;1.000
1.908445;-0.3928;0.4007;0.8404;1.011
1.909432;-0.4212;0.4026;0.8424;1.024
1.934922;-0.4564;0.4085;0.8326;1.034
1.936294;-0.4388;0.4046;0.8365;1.028
1.937121;-0.4398;0.4065;0.8453;1.036
1.938024;-0.4310;0.4153;0.8531;1.042
1.939078;-0.4075;0.4046;0.8590;1.033
1.940037;-0.4095;0.3909;0.8521;1.023
1.945529;-0.3977;0.3880;0.8404;1.007
1.962775;-0.3850;0.3919;0.8306;0.996
1.964332;-0.3713;0.3870;0.8375;0.994
1.965251;-0.3498;0.3948;0.8365;0.989
1.965987;-0.3098;0.3645;0.8365;0.964
1.978790;-0.2814;0.3362;0.8463;0.953
1.980405;-0.2893;0.3401;0.8580;0.967
1.981602;-0.3068;0.3459;0.8502;0.968
1.996129;-0.3059;0.3635;0.8443;0.969
1.997280;-0.2971;0.3997;0.8424;0.979
1.998555;-0.3068;0.3801;0.8111;0.947
1.999462;-0.2883;0.3420;0.8131;0.928
2.012270;-0.3010;0.3078;0.8365;0.941
2.013203;-0.3020;0.3039;0.8492;0.951
2.014301;-0.3469;0.3088;0.8277;0.949
2.047092;-0.3919;0.3274;0.8414;0.984
2.048119;-0.4310;0.3274;0.8414;1.000
2.048719;-0.4691;0.3166;0.8316;1.006
2.049805;-0.5248;0.3293;0.8238;1.031
2.051017;-0.5101;0.2932;0.8267;1.015
2.052091;-0.5336;0.3000;0.8346;1.035
2.053281;-0.5130;0.3127;0.8463;1.038
2.054818;-0.5336;0.3459;0.8648;1.073
2.059529;-0.5267;0.3528;0.8678;1.075
2.081440;-0.4964;0.3626;0.8609;1.058
2.083125;-0.4779;0.3547;0.8590;1.045
2.084234;-0.4818;0.3616;0.8639;1.053
2.084989;-0.4681;0.3616;0.8492;1.035
2.086325;-0.4368;0.2853;0.8785;1.022
2.097834;-0.4388;0.2736;0.8228;0.972
2.099100;-0.4349;0.3039;0.8111;0.969
2.100194;-0.4388;0.3098;0.8218;0.982
2.114703;-0.4779;0.3225;0.8258;1.007
2.116262;-0.4749;0.3254;0.8052;0.990
2.117432;-0.4974;0.3616;0.8218;1.026
2.148890;-0.5042;0.3557;0.8160;1.023
2.150763;-0.5472;0.3909;0.8218;1.062
2.151735;-0.5785;0.4095;0.8287;1.090
2.152615;-0.6254;0.4163;0.8209;1.113
2.153892;-0.6166;0.4104;0.8385;1.119
2.155201;-0.6010;0.3919;0.8199;1.089
2.163423;-0.5727;0.3704;0.8404;1.082
2.164778;-0.5404;0.3332;0.8404;1.053
2.165402;-0.5033;0.3088;0.8336;1.022
2.166064;-0.4827;0.3264;0.8492;1.030
2.180917;-0.4681;0.3274;0.8267;1.005
2.182692;-0.4534;0.3098;0.8131;0.981
2.183923;-0.4661;0.3108;0.8355;1.006
2.184943;-0.5091;0.3156;0.8404;1.032
2.189112;-0.5248;0.3196;0.8258;1.029
2.194734;-0.5287;0.3293;0.8140;1.025
2.199839;-0.5082;0.3205;0.8277;1.023
2.203954;-0.4837;0.3010;0.8297;1.006
2.209140;-0.4818;0.2922;0.8297;1.003
2.225421;-0.4593;0.2902;0.8473;1.006
2.227546;-0.4437;0.2883;0.8512;1.002
2.228946;-0.4446;0.2756;0.8414;0.991
2.254617;-0.4388;0.2766;0.8482;0.994
2.256450;-0.4251;0.2717;0.8443;0.984
2.257621;-0.4114;0.2551;0.8736;0.999
2.258588;-0.4124;0.2482;0.8600;0.985
2.259539;-0.3899;0.2345;0.8609;0.974
2.260895;-0.3899;0.2238;0.8639;0.974
2.261931;-0.3665;0.2033;0.8560;0.953
2.267746;-0.3713;0.1886;0.8570;0.953
2.269459;-0.3772;0.1681;0.8433;0.939
2.273959;-0.3938;0.1622;0.8492;0.950
2.281633;-0.3733;0.1397;0.8355;0.926
2.284075;-0.3880;0.1388;0.8424;0.938
2.288945;-0.4241;0.1554;0.8306;0.946
2.293919;-0.4485;0.1661;0.8082;0.939
2.309018;-0.4798;0.1798;0.8082;0.957
2.310790;-0.5209;0.1984;0.7974;0.973
2.312160;-0.5385;0.2257;0.8082;0.997
2.342900;-0.5668;0.2404;0.7974;1.007
2.344724;-0.5619;0.2551;0.8082;1.017
2.347224;-0.5775;0.2639;0.8209;1.038
2.348329;-0.6010;0.2834;0.8267;1.061
2.349268;-0.6108;0.3039;0.8443;1.085
2.350540;-0.6088;0.2951;0.8365;1.076
2.351549;-0.6049;0.2863;0.8394;1.074
2.353098;-0.5971;0.2766;0.8385;1.066
2.354046;-0.5990;0.2570;0.8502;1.071
2.359013;-0.5746;0.2316;0.8473;1.050
2.366198;-0.5414;0.2150;0.8424;1.024
2.369123;-0.5248;0.2140;0.8346;1.009
2.373975;-0.5111;0.2189;0.8297;0.999
2.381013;-0.5023;0.2316;0.8355;1.002
2.384098;-0.4955;0.2306;0.8306;0.994
2.388904;-0.5003;0.2179;0.8267;0.991
2.393878;-0.5238;0.1915;0.8072;0.981
2.398962;-0.5433;0.1749;0.7955;0.979
2.404137;-0.5580;0.1779;0.8023;0.993
2.408822;-0.5697;0.1788;0.8082;1.005
2.423562;-0.5756;0.1867;0.8140;1.014
2.425211;-0.5863;0.1867;0.8238;1.028
2.426517;-0.5658;0.1876;0.8336;1.025
2.459041;-0.5805;0.1994;0.8424;1.042
2.460921;-0.5756;0.1925;0.8609;1.053
2.461869;-0.5472;0.1769;0.8551;1.030
2.462566;-0.5140;0.1583;0.8619;1.016
2.463628;-0.4740;0.1368;0.8541;0.986
2.464829;-0.4339;0.1124;0.8521;0.963
2.466063;-0.4192;0.1094;0.8424;0.947
2.467231;-0.4143;0.1094;0.8453;0.948
2.470000;-0.4446;0.1036;0.8570;0.971
2.473788;-0.4779;0.0880;0.8609;0.989
2.490145;-0.4827;0.0752;0.8541;0.984
2.491822;-0.5189;0.0782;0.8668;1.013
2.493026;-0.5287;0.0772;0.8580;1.011
2.493884;-0.5609;0.0870;0.8541;1.026
2.518024;-0.5619;0.0870;0.8424;1.016
2.519567;-0.5560;0.0811;0.8346;1.006
2.520570;-0.5795;0.0899;0.8091;0.999
2.521032;-0.5902;0.1036;0.7886;0.990
2.522127;-0.6010;0.0967;0.7603;0.974
2.524012;-0.6274;0.1114;0.7564;0.989
2.530999;-0.6215;0.1026;0.7710;0.996
2.533913;-0.6362;0.1046;0.7886;1.019
2.539459;-0.6635;0.1173;0.8199;1.061
2.543931;-0.6127;0.0997;0.8453;1.049
2.548887;-0.5981;0.0958;0.8678;1.058
2.553917;-0.5844;0.0928;0.8746;1.056
2.558783;-0.5424;0.0752;0.8795;1.036
2.564294;-0.5287;0.0684;0.8903;1.038
2.568852;-0.5042;0.0684;0.8775;1.014
2.574052;-0.5170;0.0498;0.8668;1.010
2.579373;-0.5218;0.0225;0.8502;0.998
2.584518;-0.5238;-0.0195;0.8414;0.991
2.589833;-0.5248;-0.0391;0.8463;0.997
2.593775;-0.5414;-0.0498;0.8473;1.007
2.607436;-0.5365;-0.0645;0.8502;1.007
2.614380;-0.5345;-0.0528;0.8600;1.014
2.616251;-0.5170;-0.0479;0.8531;0.999
2.622313;-0.5209;-0.0352;0.8502;0.998
2.623551;-0.5218;-0.0176;0.8492;0.997
2.624510;-0.5492;0.0000;0.8502;1.012
2.645396;-0.5560;0.0137;0.8336;1.002
2.647511;-0.5580;0.0293;0.8336;1.004
2.648354;-0.5502;0.0254;0.8287;0.995
2.650086;-0.5306;0.0391;0.8531;1.005
2.651977;-0.5257;0.0498;0.8521;1.003
2.654222;-0.5023;0.0401;0.8736;1.009
2.659206;-0.4700;0.0254;0.8707;0.990
2.665290;-0.4456;0.0156;0.8619;0.970
2.669348;-0.4603;0.0078;0.8560;0.972
2.674058;-0.4613;-0.0176;0.8551;0.972
2.681037;-0.4818;-0.0381;0.8473;0.975
2.683839;-0.5033;-0.0723;0.8600;0.999
2.690760;-0.4955;-0.0762;0.8658;1.000
2.695518;-0.5062;-0.0792;0.8560;0.998
2.699686;-0.4974;-0.0625;0.8600;0.995
2.704290;-0.4837;-0.0459;0.8619;0.989
2.709135;-0.4720;-0.0567;0.8521;0.976
2.726909;-0.4935;-0.0410;0.8609;0.993
2.729021;-0.5150;-0.0450;0.8570;1.001
2.730516;-0.5160;-0.0489;0.8521;0.997
2.731986;-0.5023;-0.0733;0.8541;0.994
2.734045;-0.4749;-0.1036;0.8648;0.992
2.739743;-0.4613;-0.1085;0.8560;0.978
2.744611;-0.4280;-0.1222;0.8551;0.964
2.762278;-0.3997;-0.1368;0.8326;0.934
2.764657;-0.4046;-0.1280;0.8375;0.939
2.765908;-0.4114;-0.1173;0.8424;0.945
2.766796;-0.4251;-0.1163;0.8775;0.982
2.769438;-0.4222;-0.1270;0.8688;0.974
2.775347;-0.4319;-0.1231;0.8707;0.980
2.779153;-0.4583;-0.1300;0.8922;1.011
2.785337;-0.4681;-0.1309;0.8805;1.006
2.789440;-0.4808;-0.1202;0.8805;1.010
2.794404;-0.4857;-0.1182;0.8824;1.014
2.809229;-0.5042;-0.0997;0.8697;1.010
2.811460;-0.4867;-0.1134;0.8688;1.002
2.812885;-0.4945;-0.0948;0.8580;0.995
2.814918;-0.5189;-0.0860;0.8805;1.026
2.819099;-0.5375;-0.0801;0.8492;1.008
2.824054;-0.5443;-0.0919;0.8609;1.023
2.846345;-0.5150;-0.1026;0.8580;1.006
2.848293;-0.5121;-0.1153;0.8453;0.995
2.849529;-0.5130;-0.1124;0.8482;0.998
2.850788;-0.5170;-0.1134;0.8580;1.008
2.851970;-0.5072;-0.1026;0.8463;0.992
2.854592;-0.5179;-0.1036;0.8658;1.014
2.859761;-0.4935;-0.1026;0.8570;0.994
2.864425;-0.4818;-0.1007;0.8629;0.993
2.873722;-0.4730;-0.1114;0.8639;0.991
2.875173;-0.4710;-0.1231;0.8912;1.016
2.880123;-0.4554;-0.1427;0.8736;0.995
2.884328;-0.4691;-0.1564;0.8600;0.992
2.889009;-0.4681;-0.1886;0.8551;0.993
2.894974;-0.4788;-0.2081;0.8619;1.008
2.901356;-0.4925;-0.2238;0.8648;1.020
2.904165;-0.5189;-0.2091;0.8756;1.039
2.909289;-0.5424;-0.1808;0.8815;1.051
2.924644;-0.5306;-0.1661;0.8756;1.037
2.926682;-0.5042;-0.1378;0.8551;1.002
2.927586;-0.5209;-0.1544;0.8521;1.011
2.928792;-0.4994;-0.1593;0.8502;0.999
2.956688;-0.4984;-0.1730;0.8512;1.001
2.959086;-0.4915;-0.1847;0.8590;1.007
2.960347;-0.4808;-0.1935;0.8756;1.017
2.961365;-0.4564;-0.2081;0.8658;1.001
2.962615;-0.4564;-0.2072;0.8658;1.000
2.964287;-0.4505;-0.2023;0.8854;1.014
2.966187;-0.4261;-0.2062;0.8609;0.982
2.971442;-0.4339;-0.1964;0.8629;0.986
2.973935;-0.4339;-0.2003;0.8688;0.992
2.984049;-0.4231;-0.2111;0.8736;0.993
2.986761;-0.4349;-0.2023;0.8707;0.994
2.988967;-0.4212;-0.2101;0.8727;0.992
2.993908;-0.4270;-0.2179;0.8697;0.993
3.007221;-0.4270;-0.2384;0.8717;1.000
3.008929;-0.4095;-0.2502;0.8795;1.002
3.009902;-0.4065;-0.2599;0.8678;0.993
3.048165;-0.4095;-0.2336;0.8727;0.992
3.049508;-0.4065;-0.2365;0.8707;0.990
3.050191;-0.4163;-0.2443;0.8482;0.976
3.051106;-0.4534;-0.2580;0.8717;1.016
3.051659;-0.4456;-0.2697;0.8521;0.999
3.052501;-0.4681;-0.2472;0.8512;1.002
3.053364;-0.4915;-0.2326;0.8600;1.017
3.054283;-0.4749;-0.2482;0.8551;1.009
3.055235;-0.4681;-0.2629;0.8766;1.028
3.058991;-0.4388;-0.2717;0.8560;1.000
3.063967;-0.4290;-0.2775;0.8365;0.980
3.069311;-0.4036;-0.2951;0.8531;0.989
3.073880;-0.3762;-0.2961;0.8658;0.989
3.080795;-0.3371;-0.3068;0.8707;0.983
3.084010;-0.3088;-0.2873;0.8873;0.982
3.088718;-0.2912;-0.2912;0.8815;0.973
3.093783;-0.2893;-0.2932;0.8727;0.965
3.098751;-0.2941;-0.3039;0.8815;0.978
3.103710;-0.3225;-0.3156;0.8795;0.989
3.108615;-0.3430;-0.3215;0.8727;0.991
3.122181;-0.3762;-0.3381;0.8541;0.993
3.123556;-0.3997;-0.3342;0.8453;0.993
3.124250;-0.4241;-0.3498;0.8336;0.999
3.150072;-0.4358;-0.3616;0.8473;1.019
3.152073;-0.4456;-0.3626;0.8531;1.029
3.152708;-0.4456;-0.3518;0.8648;1.035
3.153193;-0.4407;-0.3469;0.8668;1.032
3.154321;-0.4251;-0.3508;0.8688;1.029
3.154949;-0.3958;-0.3293;0.8746;1.015
3.158949;-0.3840;-0.3254;0.8746;1.009
3.163943;-0.3626;-0.3176;0.8805;1.004
3.168767;-0.3586;-0.3147;0.8658;0.989
3.174023;-0.3567;-0.3049;0.8746;0.993
3.180130;-0.3303;-0.3176;0.8639;0.978
3.183880;-0.3156;-0.3323;0.8746;0.987
3.188847;-0.2971;-0.3332;0.8795;0.986
3.194136;-0.2883;-0.3283;0.8639;0.968
3.199358;-0.2844;-0.3254;0.8688;0.970
3.204320;-0.2971;-0.3215;0.8688;0.973
3.209044;-0.3098;-0.3401;0.8639;0.979
3.222549;-0.3098;-0.3479;0.8707;0.987
3.223875;-0.3362;-0.3557;0.8668;0.995
3.224871;-0.3694;-0.3489;0.8648;1.003
3.247714;-0.3723;-0.3743;0.8688;1.017
3.249395;-0.3655;-0.3801;0.8854;1.031
3.250448;-0.3684;-0.3919;0.8824;1.033
3.251299;-0.3889;-0.3713;0.8893;1.039
3.252158;-0.3684;-0.4007;0.8815;1.036
3.254018;-0.3401;-0.4065;0.8942;1.039
3.259350;-0.3342;-0.4124;0.8903;1.036
3.263853;-0.3323;-0.4055;0.8824;1.026
3.269136;-0.3313;-0.4114;0.8717;1.019
3.274532;-0.2990;-0.4075;0.8727;1.008
3.280649;-0.3068;-0.3860;0.8727;1.002
3.283991;-0.2922;-0.3723;0.8795;0.999
3.289093;-0.2785;-0.3792;0.8834;1.001
3.293924;-0.2316;-0.3919;0.8629;0.976
3.299301;-0.2296;-0.3860;0.8756;0.984
3.303926;-0.2404;-0.3743;0.8883;0.993
3.308913;-0.2287;-0.3704;0.8775;0.980
3.322209;-0.2296;-0.3762;0.8844;0.988
3.323604;-0.2355;-0.3762;0.8707;0.977
3.324293;-0.2551;-0.3704;0.8717;0.981
3.348262;-0.2873;-0.3616;0.8707;0.986
3.349617;-0.3088;-0.3655;0.8560;0.981
3.350550;-0.3215;-0.3831;0.8414;0.979
3.351543;-0.3264;-0.4055;0.8482;0.995
3.352151;-0.3391;-0.4261;0.8336;0.996
3.353897;-0.3029;-0.4515;0.8433;1.003
3.359279;-0.2756;-0.4749;0.8502;1.012
3.364189;-0.2707;-0.4769;0.8678;1.027
3.369020;-0.2678;-0.4720;0.8756;1.030
3.374282;-0.2482;-0.4613;0.8893;1.032
3.381417;-0.2511;-0.4446;0.8971;1.032
3.384273;-0.2150;-0.4573;0.9078;1.039
3.389165;-0.2267;-0.4466;0.9254;1.052
3.393932;-0.2013;-0.4534;0.9176;1.043
3.400005;-0.2072;-0.4446;0.9098;1.034
3.403720;-0.2033;-0.4290;0.8942;1.012
3.409038;-0.2277;-0.4153;0.8981;1.015
3.424926;-0.2482;-0.4212;0.8912;1.017
3.426628;-0.2531;-0.3987;0.8922;1.009
3.427853;-0.2590;-0.3977;0.8766;0.997
3.461071;-0.2492;-0.3977;0.8688;0.987
3.465136;-0.2472;-0.3987;0.8688;0.987
3.467885;-0.2355;-0.4026;0.8697;0.987
3.470409;-0.2189;-0.4124;0.8824;0.998
3.472314;-0.2355;-0.4163;0.8854;1.006
3.473778;-0.2424;-0.4280;0.8844;1.012
3.475512;-0.2130;-0.4446;0.8678;0.998
3.477116;-0.2140;-0.4476;0.8883;1.017
3.482347;-0.1769;-0.4671;0.8951;1.025
3.484572;-0.1505;-0.4593;0.8863;1.010
3.486284;-0.1446;-0.4534;0.8746;0.996
3.488045;-0.1642;-0.4476;0.8600;0.983
3.489317;-0.1759;-0.4368;0.8785;0.997
3.494511;-0.1505;-0.4398;0.8560;0.974
3.499630;-0.1495;-0.4183;0.8629;0.970
3.504402;-0.1358;-0.4261;0.8365;0.949
3.508873;-0.1358;-0.4202;0.8003;0.914
3.526155;-0.1622;-0.4153;0.8248;0.938
3.527851;-0.1749;-0.4730;0.8873;1.021
3.528867;-0.1583;-0.4427;0.9059;1.021
3.530062;-0.1407;-0.4554;0.8981;1.017
3.564595;-0.1358;-0.4603;0.8795;1.002
3.566504;-0.1573;-0.4505;0.9176;1.034
3.567437;-0.1319;-0.4564;0.9176;1.033
3.568243;-0.1143;-0.4534;0.9186;1.031
3.569979;-0.0860;-0.4661;0.9245;1.039
3.571045;-0.0313;-0.4740;0.9039;1.021
3.572079;-0.0029;-0.4661;0.8990;1.013
3.573202;0.0274;-0.4446;0.8854;0.991
3.574934;0.0244;-0.4368;0.8717;0.975
3.580728;0.0322;-0.4300;0.8766;0.977
3.583895;0.0235;-0.4319;0.8756;0.977
3.588715;-0.0440;-0.4398;0.8482;0.956
3.594121;-0.1437;-0.4544;0.8258;0.953
3.618724;-0.1749;-0.4798;0.8375;0.981
3.620585;-0.1544;-0.5121;0.8844;1.034
3.621821;-0.1212;-0.5189;0.8951;1.042
3.622998;-0.1192;-0.5189;0.9000;1.046
3.624435;-0.1114;-0.5218;0.8854;1.034
3.625322;-0.1055;-0.5023;0.8775;1.017
3.645965;-0.0821;-0.5130;0.8766;1.019
3.647377;-0.0733;-0.5150;0.8815;1.024
3.648001;-0.0645;-0.5189;0.8883;1.031
3.648463;-0.0665;-0.5248;0.8570;1.007
3.649129;-0.0264;-0.5209;0.8688;1.013
3.654292;-0.0059;-0.5316;0.8658;1.016
3.659960;0.0215;-0.5199;0.8688;1.013
3.693538;0.0313;-0.5072;0.8629;1.001
3.695498;0.0244;-0.4906;0.8736;1.002
3.696853;0.0489;-0.4867;0.8873;1.013
3.697603;0.0723;-0.4720;0.8678;0.990
3.699382;0.0752;-0.4573;0.8707;0.986
3.700371;0.0899;-0.4525;0.8717;0.986
3.701446;0.0880;-0.4417;0.8717;0.981
3.702675;0.0870;-0.4388;0.8824;0.989
3.704607;0.0704;-0.4407;0.8873;0.993
3.709091;0.0352;-0.4456;0.9108;1.015
3.714159;0.0156;-0.4632;0.8854;0.999
3.718933;-0.0195;-0.4827;0.8717;0.997
3.724241;-0.0479;-0.4867;0.8756;1.003
3.744301;-0.0332;-0.4974;0.8883;1.019
3.746043;-0.0401;-0.4964;0.8844;1.015
3.747141;-0.0352;-0.4847;0.8775;1.003
3.748642;-0.0469;-0.4955;0.8707;1.003
3.749812;-0.0127;-0.5003;0.8678;1.002
3.754015;-0.0244;-0.4974;0.8590;0.993
3.759131;0.0020;-0.5033;0.8600;0.996
3.786995;0.0020;-0.5062;0.8531;0.992
3.788809;-0.0107;-0.5082;0.8658;1.004
3.789778;0.0049;-0.5082;0.8560;0.996
3.790702;0.0186;-0.5140;0.8619;1.004
3.791608;0.0117;-0.5170;0.8609;1.004
3.792628;0.0430;-0.5375;0.8727;1.026
3.794302;0.0528;-0.5512;0.8658;1.028
3.799809;0.0772;-0.5599;0.8658;1.034
3.804139;0.1046;-0.5570;0.8619;1.032
3.809173;0.1300;-0.5531;0.8805;1.048
3.823083;0.1339;-0.5521;0.8736;1.042
3.825034;0.1349;-0.5482;0.8717;1.039
3.826299;0.1339;-0.5463;0.8639;1.031
3.851858;0.0977;-0.5424;0.8815;1.040
3.853585;0.0772;-0.5316;0.9000;1.048
3.854586;0.0117;-0.4407;0.8639;0.970
3.855113;-0.0127;-0.4163;0.8473;0.944
3.855601;-0.0352;-0.4876;0.8629;0.992
3.856715;-0.0020;-0.5629;0.8844;1.048
3.859263;-0.0039;-0.5521;0.8863;1.044
3.864459;-0.0068;-0.5414;0.8873;1.039
3.869155;-0.0362;-0.5385;0.8873;1.039
3.874211;-0.0391;-0.5316;0.8717;1.022
3.880491;-0.0459;-0.4935;0.8560;0.989
3.884284;-0.0322;-0.5170;0.8648;1.008
3.888904;-0.0137;-0.5453;0.8580;1.017
3.893993;0.0029;-0.5326;0.8590;1.011
3.899246;0.0098;-0.5267;0.8717;1.019
3.903996;0.0235;-0.5306;0.8590;1.010
3.908761;0.0469;-0.5316;0.8551;1.008
3.923577;0.0498;-0.5433;0.8531;1.013
3.925183;0.0645;-0.5492;0.8590;1.022
3.926048;0.0528;-0.5512;0.8658;1.028
3.952389;0.0567;-0.5609;0.8746;1.041
3.954177;0.0567;-0.5599;0.8766;1.042
3.954818;0.0557;-0.5639;0.8697;1.038
3.955626;0.0665;-0.5707;0.8668;1.040
3.956413;0.0547;-0.5756;0.8717;1.046
3.956991;0.0655;-0.5756;0.8600;1.037
3.958750;0.0586;-0.5619;0.8600;1.029
3.966161;0.0762;-0.5521;0.8707;1.034
3.969350;0.0723;-0.5404;0.8609;1.019
3.974349;0.1065;-0.5453;0.8541;1.019
3.981136;0.1065;-0.5316;0.8609;1.017
3.984082;0.1124;-0.5424;0.8551;1.019
3.988931;0.1251;-0.5365;0.8062;0.976
3.993960;0.1114;-0.5257;0.8346;0.993
3.999300;0.1026;-0.5179;0.8023;0.960
4.004639;0.0880;-0.5140;0.8600;1.006
4.008693;0.0821;-0.4955;0.8482;0.986
4.023437;0.0723;-0.4994;0.8658;1.002
4.024980;0.0694;-0.4896;0.8844;1.013
4.026247;0.0606;-0.4847;0.8971;1.021
4.053447;0.0616;-0.4808;0.8961;1.019
4.055345;0.0821;-0.4857;0.8990;1.025
4.056036;0.0860;-0.4857;0.9030;1.029
4.056504;0.1222;-0.5023;0.8971;1.035
4.056952;0.1573;-0.5140;0.8932;1.042
4.057456;0.1818;-0.5082;0.8766;1.029
4.059332;0.1476;-0.5082;0.8746;1.022
4.064507;0.1554;-0.5101;0.8560;1.009
4.069158;0.1759;-0.5150;0.8600;1.018
4.074132;0.1642;-0.5003;0.8580;1.007
4.080365;0.1779;-0.4964;0.8580;1.007
4.084381;0.1524;-0.4818;0.8531;0.992
4.088960;0.1485;-0.4700;0.8482;0.981
4.094091;0.1134;-0.4740;0.8580;0.987
4.099308;0.1378;-0.4691;0.8453;0.976
4.104510;0.1349;-0.4749;0.8639;0.995
4.109163;0.1397;-0.4896;0.8590;0.999
4.123400;0.1427;-0.4867;0.8766;1.013
4.125039;0.1427;-0.5062;0.8463;0.996
4.126118;0.0322;-0.4935;0.8131;0.952
4.152534;0.0684;-0.5648;0.8912;1.057
4.154787;0.0967;-0.5912;0.8570;1.046
4.155654;0.0831;-0.5814;0.8424;1.027
4.156442;0.0733;-0.5746;0.8707;1.046
4.157061;0.0762;-0.5580;0.8639;1.031
4.157833;0.0977;-0.5472;0.8609;1.025
4.158770;0.1055;-0.5345;0.8551;1.014
4.164072;0.1251;-0.5297;0.8218;0.986
4.169146;0.1495;-0.5140;0.8346;0.991
4.174214;0.1642;-0.5042;0.8590;1.009
4.180458;0.1994;-0.5042;0.8648;1.021
4.184085;0.2717;-0.5355;0.8140;1.012
4.189033;0.3147;-0.5551;0.8512;1.064
4.194108;0.3059;-0.5658;0.8404;1.058
4.199679;0.3430;-0.5746;0.8394;1.074
4.204292;0.3371;-0.5316;0.8688;1.073
4.209002;0.3420;-0.5072;0.8766;1.069
4.225835;0.3205;-0.4847;0.8756;1.051
4.227817;0.3039;-0.4720;0.8795;1.043
4.228690;0.2785;-0.4671;0.8482;1.008
4.229517;0.2844;-0.4525;0.8873;1.036
4.234200;0.2785;-0.4515;0.8590;1.010
4.239447;0.2736;-0.4505;0.8824;1.028
4.244026;0.2756;-0.4466;0.8834;1.028
4.261520;0.2795;-0.4378;0.8932;1.033
4.263741;0.2658;-0.4368;0.8863;1.023
4.264670;0.2433;-0.4388;0.8658;1.001
4.265789;0.2150;-0.4349;0.8404;0.970
4.269307;0.1358;-0.4153;0.8043;0.915
4.274188;0.0068;-0.3547;0.8160;0.890
4.279870;-0.1231;-0.1964;0.8766;0.907
4.284112;-0.1173;-0.1456;0.8717;0.892
4.289279;-0.0518;-0.1876;0.7437;0.769
4.294328;0.1270;-0.2981;0.6694;0.744
4.299143;0.2140;-0.3498;0.7104;0.820
4.304000;0.2746;-0.3968;0.7818;0.919
4.309553;0.3186;-0.4554;0.8277;0.997
4.322709;0.3772;-0.5248;0.8600;1.076
4.324459;0.3626;-0.5199;0.8678;1.075
4.325239;0.3782;-0.5287;0.8824;1.096
4.353812;0.3762;-0.5453;0.8707;1.094
4.355552;0.3831;-0.5502;0.8678;1.097
4.356206;0.3831;-0.5414;0.8502;1.078
4.356650;0.4085;-0.5238;0.8365;1.068
4.357132;0.3997;-0.5062;0.8404;1.059
4.357627;0.4095;-0.4964;0.8707;1.083
4.359285;0.4026;-0.4837;0.9020;1.100
4.365029;0.4202;-0.4925;0.9362;1.138
4.369044;0.4867;-0.4984;0.9460;1.175
4.374456;0.4691;-0.5003;0.9557;1.176
4.380299;0.4554;-0.4964;0.9362;1.153
4.384384;0.4329;-0.4896;0.8912;1.105
4.389113;0.4407;-0.4964;0.8521;1.080
4.394170;0.4378;-0.4906;0.8433;1.069
4.399446;0.4270;-0.4661;0.8394;1.051
4.404339;0.6235;-0.5443;0.8287;1.171
4.409151;0.4593;-0.4935;0.8639;1.096
4.423386;0.3459;-0.4515;0.8443;1.018
4.424958;0.2697;-0.4231;0.8482;0.986
4.425781;0.2580;-0.3987;0.7798;0.913
4.453814;0.2277;-0.3880;0.7964;0.915
4.455441;0.2424;-0.3919;0.7632;0.892
4.456101;0.2541;-0.4046;0.7691;0.905
4.456564;0.2883;-0.4280;0.7740;0.930
4.456991;0.3401;-0.4603;0.8150;0.996
4.457456;0.4339;-0.5003;0.8463;1.075
4.459102;0.4955;-0.5199;0.8590;1.120
4.463974;0.5267;-0.5365;0.8717;1.151
4.469047;0.5746;-0.5355;0.8502;1.157
4.474262;0.5697;-0.5072;0.8707;1.158
4.480360;0.5814;-0.4837;0.8697;1.153
4.484210;0.5609;-0.4417;0.8922;1.143
4.489087;0.5385;-0.4114;0.8903;1.119
4.493940;0.5150;-0.3840;0.8639;1.077
4.499247;0.4525;-0.3684;0.8560;1.036
4.504371;0.3704;-0.3479;0.8385;0.980
4.509091;0.2883;-0.3264;0.8248;0.933
4.523184;0.2365;-0.3108;0.8844;0.967
4.524836;0.2404;-0.3352;0.8580;0.952
4.526089;0.2287;-0.3440;0.8648;0.958
4.552571;0.2238;-0.3498;0.8414;0.938
4.554634;0.2453;-0.3655;0.8443;0.952
4.555385;0.2697;-0.3762;0.8795;0.994
4.555872;0.3196;-0.3958;0.8140;0.960
4.556316;0.3665;-0.4153;0.8101;0.981
4.556816;0.4055;-0.4124;0.8121;0.997
4.559173;0.4505;-0.4202;0.8336;1.037
4.564639;0.4661;-0.4222;0.8131;1.028
4.568920;0.4720;-0.4310;0.8306;1.048
4.574312;0.4808;-0.4270;0.8091;1.034
4.580396;0.4593;-0.4183;0.8258;1.033
4.584249;0.4642;-0.4163;0.8140;1.025
4.589170;0.4818;-0.4310;0.8218;1.046
4.593877;0.5003;-0.4368;0.8297;1.063
4.599793;0.5228;-0.4329;0.8355;1.077
4.604076;0.5306;-0.4231;0.8433;1.083
4.609174;0.5453;-0.4192;0.8619;1.103
4.622938;0.5453;-0.4026;0.8795;1.110
4.624559;0.5170;-0.3948;0.8707;1.087
4.625743;0.4876;-0.3596;0.8805;1.069
4.650889;0.4681;-0.3518;0.8560;1.037
4.652558;0.4476;-0.3352;0.8678;1.032
4.653358;0.4055;-0.3264;0.8512;0.998
4.654255;0.3801;-0.3059;0.8600;0.989
4.654950;0.3616;-0.3049;0.8394;0.964
4.655655;0.3655;-0.2971;0.8424;0.965
4.659797;0.3782;-0.3000;0.8414;0.970
4.664350;0.4016;-0.3010;0.8951;1.026
4.669302;0.4065;-0.2961;0.8140;0.957
4.674559;0.4183;-0.2971;0.8267;0.973
4.680818;0.4495;-0.3059;0.8003;0.968
4.684762;0.4495;-0.3108;0.8170;0.983
4.688888;0.4358;-0.3078;0.8443;0.999
4.693957;0.4642;-0.3264;0.8482;1.021
4.699143;0.4573;-0.3147;0.8355;1.003
4.704317;0.4671;-0.3166;0.8131;0.990
4.709286;0.4788;-0.3342;0.8238;1.010
4.722351;0.4661;-0.3362;0.8306;1.010
4.723976;0.4671;-0.3440;0.8482;1.028
4.724793;0.4466;-0.3450;0.8815;1.047
4.753399;0.4319;-0.3508;0.8394;1.007
4.755376;0.4183;-0.3577;0.8443;1.008
4.756173;0.4085;-0.3665;0.8297;0.995
4.756842;0.4016;-0.3567;0.8316;0.990
4.757491;0.4055;-0.3616;0.8179;0.982
4.758414;0.3987;-0.3586;0.8228;0.982
4.759298;0.3889;-0.3430;0.8297;0.978
4.765065;0.4065;-0.3498;0.8355;0.993
4.768840;0.4310;-0.3303;0.8414;1.001
4.773931;0.4613;-0.3440;0.8355;1.014
4.781324;0.4955;-0.3274;0.8648;1.049
4.784339;0.5189;-0.3078;0.8795;1.067
4.788828;0.5424;-0.2912;0.8668;1.063
4.796179;0.5023;-0.2541;0.8697;1.036
4.799070;0.5013;-0.2463;0.8727;1.036
4.804144;0.4984;-0.2404;0.8639;1.026
4.808828;0.5130;-0.2580;0.8521;1.028
4.822391;0.5385;-0.2463;0.8688;1.051
4.823978;0.5345;-0.2248;0.8863;1.059
4.824821;0.5326;-0.2551;0.8531;1.038
4.852677;0.5785;-0.2932;0.8629;1.079
4.854634;0.6567;-0.3205;0.8306;1.106
4.855307;0.6968;-0.3928;0.8394;1.160
4.855742;0.6899;-0.3371;0.8629;1.155
4.856191;0.6479;-0.3411;0.8502;1.122
4.857151;0.5775;-0.3303;0.8541;1.083
4.858920;0.5297;-0.3313;0.8394;1.046
4.864197;0.5003;-0.3342;0.8355;1.030
4.868902;0.4818;-0.3283;0.8463;1.028
4.873966;0.4876;-0.3411;0.8267;1.019
4.879672;0.4534;-0.3166;0.8433;1.009
4.884087;0.4495;-0.2971;0.8492;1.006
4.889040;0.4642;-0.2746;0.8512;1.008
4.896017;0.4808;-0.2414;0.8316;0.990
4.899220;0.4925;-0.2287;0.8453;1.005
4.904150;0.4964;-0.2111;0.8355;0.995
4.909317;0.5111;-0.1876;0.8179;0.983
4.921012;0.5209;-0.1524;0.8346;0.995
4.922746;0.5355;-0.1329;0.8433;1.008
4.923962;0.5375;-0.1134;0.8287;0.994
4.950262;0.5560;-0.1094;0.8394;1.013
4.951998;0.5531;-0.1173;0.8473;1.019
4.952717;0.5727;-0.1446;0.8570;1.041
4.953278;0.5629;-0.1798;0.8590;1.043
4.954114;0.5775;-0.2062;0.8473;1.046
4.954838;0.5502;-0.2189;0.8492;1.035
4.959642;0.5365;-0.2345;0.8424;1.026
4.964074;0.5170;-0.2433;0.8473;1.022
4.969130;0.5189;-0.2472;0.8258;1.006
4.974638;0.5267;-0.2296;0.8043;0.988
4.979871;0.5551;-0.1808;0.8072;0.996
4.984338;0.5678;-0.1368;0.8199;1.007
4.989079;0.5521;-0.0919;0.8258;0.998
4.996473;0.5560;-0.0674;0.8258;0.998
4.999471;0.5727;-0.0625;0.8179;1.000
5.004337;0.5834;-0.0596;0.8179;1.006
5.009277;0.5942;-0.0528;0.8287;1.021
5.023322;0.6020;-0.0596;0.8404;1.035
5.024815;0.5873;-0.0577;0.8492;1.034
5.025551;0.5990;-0.0567;0.8512;1.042
5.054642;0.5961;-0.0831;0.8570;1.047
5.056438;0.5873;-0.1016;0.8521;1.040
5.057166;0.5844;-0.1251;0.8560;1.044
5.057803;0.5854;-0.1446;0.8512;1.043
5.058835;0.5648;-0.1554;0.8453;1.028
5.059595;0.5492;-0.1671;0.8424;1.019
5.060332;0.5443;-0.1573;0.8365;1.010
5.066133;0.5893;-0.1153;0.8346;1.028
5.069970;0.5912;-0.0635;0.8297;1.021
5.074140;0.6020;-0.0088;0.8316;1.027
5.080915;0.5990;0.0313;0.8297;1.024
5.084956;0.5785;0.0430;0.8326;1.015
5.088885;0.5648;0.0342;0.8306;1.005
5.096547;0.5775;0.0215;0.8306;1.012
5.099699;0.5981;0.0147;0.8385;1.030
5.104441;0.6117;0.0088;0.8297;1.031
5.109350;0.6137;0.0010;0.8336;1.035
5.123945;0.6147;0.0059;0.8521;1.051
5.125611;0.6117;0.0029;0.8531;1.050
5.126852;0.6147;-0.0176;0.8648;1.061
5.157158;0.6020;-0.0293;0.8736;1.061
5.159038;0.5971;-0.0352;0.8863;1.069
5.159945;0.5873;-0.0508;0.8971;1.073
5.160537;0.5883;-0.0547;0.8648;1.047
5.161045;0.6166;-0.0557;0.8727;1.070
5.161747;0.6391;-0.0205;0.8482;1.062
5.162625;0.6557;0.0440;0.8531;1.077
5.168770;0.6743;0.0870;0.8473;1.086
5.170712;0.6479;0.1075;0.8424;1.068
5.174226;0.6137;0.1173;0.8316;1.040
5.180135;0.5775;0.1046;0.8375;1.023
5.184743;0.5512;0.0977;0.8443;1.013
5.188999;0.5287;0.0977;0.8346;0.993
5.194269;0.5385;0.0831;0.8179;0.983
5.199153;0.5297;0.0840;0.8355;0.993
5.204115;0.5365;0.0860;0.8365;0.997
5.209133;0.5433;0.0840;0.8424;1.006
5.222258;0.5599;0.0870;0.8502;1.022
5.223876;0.6264;0.0762;0.8287;1.042
5.224713;0.6430;0.0811;0.8189;1.044
5.250070;0.6635;0.0860;0.8248;1.062
5.252132;0.6372;0.0997;0.8375;1.057
5.252871;0.6450;0.1094;0.8375;1.063
5.253496;0.6293;0.1173;0.8785;1.087
5.254619;0.6127;0.1388;0.8824;1.083
5.256060;0.5971;0.1437;0.8785;1.072
5.259650;0.5932;0.1554;0.8775;1.071
5.264256;0.5668;0.1573;0.8736;1.053
5.269332;0.5687;0.1622;0.8688;1.051
5.274688;0.5472;0.1681;0.8512;1.026
5.280227;0.5404;0.1544;0.8404;1.011
5.283821;0.5248;0.1671;0.8521;1.015
5.289790;0.4994;0.1495;0.8658;1.011
5.295986;0.4847;0.1476;0.8775;1.013
5.299166;0.4632;0.1251;0.8541;0.980
5.303841;0.4446;0.1202;0.8590;0.975
5.308711;0.4554;0.1182;0.9039;1.019
5.322665;0.4544;0.1026;0.8893;1.004
5.324258;0.4661;0.0977;0.8697;0.992
5.325029;0.4984;0.0987;0.8658;1.004
5.351190;0.5521;0.0938;0.8463;1.015
5.353031;0.5599;0.0958;0.8404;1.014
5.354476;0.5873;0.0938;0.8189;1.012
5.355099;0.5658;0.1261;0.8218;1.006
5.355760;0.5492;0.1642;0.8131;0.995
5.356562;0.5336;0.2052;0.8072;0.989
5.359387;0.5170;0.2365;0.8003;0.982
5.364860;0.5150;0.2717;0.8258;1.010
5.369069;0.5326;0.2932;0.8111;1.014
5.374018;0.5199;0.3127;0.8355;1.033
5.379410;0.5111;0.3068;0.8433;1.033
5.384194;0.5238;0.2707;0.8570;1.040
5.388744;0.5492;0.2355;0.8609;1.048
5.395915;0.5453;0.2326;0.8678;1.051
5.398874;0.5512;0.2111;0.8805;1.060
5.403996;0.5482;0.2062;0.8873;1.063
5.408869;0.5453;0.2081;0.8658;1.044
5.421988;0.5277;0.2179;0.8473;1.022
5.423521;0.4876;0.2189;0.8590;1.012
5.424414;0.4896;0.1915;0.8883;1.032
5.448125;0.4661;0.1837;0.8922;1.023
5.449531;0.4671;0.1798;0.8893;1.020
5.450201;0.4437;0.1915;0.8815;1.005
5.450656;0.4368;0.2218;0.8639;0.993
5.451121;0.4554;0.2502;0.8531;0.999
5.453894;0.4847;0.2824;0.8502;1.019
5.458985;0.5111;0.3068;0.8502;1.038
5.464062;0.5678;0.3020;0.8668;1.079
5.468778;0.6274;0.3049;0.8658;1.112
5.473936;0.6557;0.3078;0.8707;1.133
5.478999;0.6831;0.2961;0.8492;1.129
5.483798;0.6753;0.2883;0.8443;1.119
5.488694;0.6586;0.2766;0.8218;1.089
5.495402;0.6157;0.2756;0.8121;1.056
5.498984;0.5482;0.2824;0.8355;1.038
5.504122;0.5287;0.2687;0.8521;1.038
5.509286;0.4955;0.2599;0.8492;1.017
5.513761;0.4867;0.2551;0.8619;1.022
5.518937;0.4632;0.2472;0.8863;1.030
5.524134;0.4818;0.2345;0.8893;1.038
5.537316;0.5052;0.2199;0.8893;1.046
5.538773;0.4906;0.2189;0.8834;1.034
5.539525;0.4847;0.2121;0.8756;1.023
5.564150;0.4837;0.1945;0.8609;1.006
5.565530;0.4974;0.1349;0.8277;0.975
5.566373;0.4700;0.1749;0.8414;0.980
5.566929;0.4847;0.1827;0.8404;0.987
5.567392;0.4935;0.2091;0.8433;0.999
5.568705;0.4906;0.2121;0.8463;1.001
5.573780;0.5990;0.0694;0.8863;1.072
5.578622;0.5873;0.1036;0.8609;1.047
5.584094;0.6117;0.1652;0.8736;1.079
5.589139;0.6039;0.2111;0.8619;1.073
5.595829;0.5717;0.2639;0.8502;1.058
5.599107;0.5003;0.3205;0.8385;1.028
5.604124;0.4740;0.3606;0.8492;1.037
5.608779;0.4270;0.3938;0.8433;1.024
5.614644;0.3811;0.4280;0.8306;1.009
5.619077;0.3567;0.4368;0.8482;1.019
5.624233;0.3313;0.4398;0.8482;1.011
5.638343;0.3166;0.4270;0.8463;0.999
5.639735;0.3049;0.4192;0.8521;0.997
5.640364;0.3332;0.3860;0.8414;0.984
5.664580;0.3420;0.3840;0.8385;0.984
5.666012;0.3430;0.3762;0.8404;0.983
5.666715;0.3420;0.3645;0.8140;0.955
5.667204;0.3547;0.3450;0.7701;0.915
5.667714;0.3518;0.3420;0.8023;0.940
5.668884;0.3254;0.3371;0.8727;0.991
5.673789;0.3020;0.3459;0.9166;1.025
5.678669;0.2775;0.3391;0.9078;1.008
5.685272;0.2932;0.3176;0.8775;0.978
5.688666;0.2795;0.3283;0.8658;0.967
5.696352;0.3088;0.3303;0.8590;0.971
5.699350;0.3606;0.3635;0.8678;1.008
5.703691;0.3626;0.4114;0.8707;1.029
5.708797;0.3880;0.4407;0.8502;1.033
5.713784;0.4026;0.4759;0.8404;1.046
5.718711;0.4055;0.5091;0.8326;1.057
5.723670;0.3811;0.5521;0.8609;1.091
5.736691;0.3635;0.5482;0.8541;1.078
5.738018;0.3596;0.5355;0.8648;1.079
5.738797;0.3528;0.5433;0.8658;1.081
5.763806;0.3147;0.5492;0.8492;1.059
5.765175;0.3108;0.5316;0.8580;1.056
5.766002;0.3029;0.5316;0.8433;1.042
5.766756;0.2961;0.5072;0.8639;1.045
5.767348;0.2639;0.4896;0.8590;1.023
5.768743;0.2443;0.4622;0.8590;1.006
5.773824;0.2453;0.4603;0.8531;1.000
5.778860;0.2209;0.4603;0.8521;0.993
5.783918;0.2209;0.4564;0.8844;1.019
5.788897;0.2062;0.4779;0.8844;1.026
5.795416;0.2277;0.4700;0.8805;1.024
5.799351;0.2453;0.4642;0.8824;1.027
5.804230;0.2766;0.4652;0.8551;1.012
5.809383;0.2775;0.4749;0.8688;1.028
5.814041;0.3323;0.4730;0.8639;1.039
5.819349;0.3723;0.4652;0.8570;1.044
5.824380;0.3616;0.4759;0.8580;1.046
5.841211;0.3713;0.4935;0.8531;1.053
5.842880;0.3733;0.5062;0.8404;1.050
5.843974;0.3645;0.5306;0.8541;1.070
5.844785;0.3567;0.5257;0.8502;1.061
5.852461;0.3674;0.5228;0.8600;1.071
5.856746;0.3616;0.5150;0.8394;1.049
5.859405;0.3743;0.5082;0.8541;1.062
5.871330;0.3196;0.5072;0.8199;1.016
5.872826;0.3371;0.5160;0.8590;1.057
5.873962;0.3196;0.5150;0.8707;1.061
5.881049;0.3254;0.5042;0.8717;1.058
5.884329;0.3049;0.5140;0.8609;1.048
5.889212;0.2912;0.5218;0.8697;1.055
5.895182;0.2658;0.5355;0.8551;1.043
5.899436;0.2629;0.5375;0.8648;1.052
5.904218;0.2531;0.5345;0.8688;1.051
5.909310;0.2492;0.5414;0.8658;1.051
5.921389;0.2267;0.5570;0.8590;1.049
5.922752;0.2033;0.5541;0.8551;1.039
5.924102;0.2130;0.5023;0.8482;1.009
5.948584;0.1857;0.4935;0.8375;0.990
5.950054;0.1652;0.4945;0.8570;1.003
5.950728;0.1261;0.4974;0.8453;0.989
5.951239;0.1153;0.5033;0.8678;1.010
5.951683;0.0762;0.4964;0.8560;0.993
5.954102;0.0645;0.4915;0.8746;1.005
5.959331;0.0381;0.5023;0.8736;1.008
5.963866;0.0225;0.5091;0.8756;1.013
5.969150;0.0391;0.5140;0.8922;1.030
5.974406;0.0782;0.5199;0.8912;1.035
5.979386;0.1378;0.5209;0.8893;1.040
5.984338;0.1681;0.5404;0.8854;1.051
5.989235;0.1994;0.5521;0.8746;1.053
5.995946;0.2355;0.5414;0.8658;1.048
5.999300;0.2394;0.5551;0.8560;1.048
6.004254;0.2570;0.5531;0.8560;1.051
6.009182;0.2717;0.5560;0.8531;1.054
6.014126;0.2775;0.5570;0.8648;1.065
6.019370;0.2502;0.5609;0.8590;1.056
6.024365;0.2834;0.5844;0.8668;1.083
6.038262;0.2687;0.5922;0.8404;1.063
6.039910;0.2687;0.5805;0.8404;1.056
6.040694;0.2619;0.5697;0.8492;1.056
6.066469;0.2648;0.5658;0.8521;1.057
6.068201;0.2248;0.5648;0.8541;1.048
6.068984;0.2336;0.5551;0.8570;1.047
6.069563;0.2140;0.5482;0.8414;1.027
6.070342;0.2130;0.5385;0.8531;1.031
6.070996;0.2091;0.5316;0.8414;1.017
6.074541;0.1818;0.5267;0.8433;1.011
6.079596;0.1632;0.5140;0.8414;0.999
6.084550;0.1632;0.5130;0.8551;1.010
6.089344;0.1378;0.5091;0.8541;1.004
6.097277;0.1143;0.5130;0.8873;1.031
6.099579;0.1173;0.5238;0.8668;1.020
6.104283;0.0694;0.5472;0.8873;1.045
6.109051;0.0919;0.5463;0.8834;1.043
6.114099;0.0596;0.5433;0.8590;1.018
6.119336;0.0792;0.5365;0.8023;0.968
6.124078;0.0352;0.5297;0.8502;1.002
6.138092;0.0752;0.5257;0.8189;0.976
6.139652;0.0401;0.5140;0.8531;0.997
6.140346;0.0537;0.5170;0.8932;1.033
6.179967;0.0215;0.5267;0.8717;1.019
6.181597;0.0098;0.5199;0.9000;1.039
6.182515;0.0371;0.5345;0.8766;1.027
6.182994;-0.0039;0.5385;0.8756;1.028
6.183535;0.0508;0.5433;0.8854;1.040
6.184288;0.0176;0.5179;0.8521;0.997
6.185091;0.0498;0.5189;0.8717;1.016
6.185801;0.0420;0.5170;0.8404;0.988
6.186532;0.0244;0.5160;0.8521;0.996
6.189794;0.0577;0.5218;0.8346;0.986
6.195248;0.0029;0.5111;0.8267;0.972
6.199280;0.0107;0.5228;0.8394;0.989
6.204343;0.0117;0.5453;0.9157;1.066
6.209417;-0.0166;0.5531;0.9137;1.068
6.214588;-0.0098;0.5629;0.8639;1.031
6.219292;0.0000;0.5668;0.8521;1.023
6.224234;-0.0440;0.5599;0.8648;1.031
6.244723;-0.0225;0.5590;0.8756;1.039
6.246749;-0.0068;0.5336;0.8482;1.002
6.247912;-0.0665;0.5257;0.8453;0.998
6.249223;-0.0547;0.5463;0.8609;1.021
6.250634;-0.0870;0.5463;0.8502;1.014
6.255024;-0.1143;0.5697;0.8560;1.035
6.259172;-0.1143;0.5717;0.8560;1.036
6.277462;-0.0997;0.5639;0.8375;1.015
6.278983;-0.1270;0.5844;0.8492;1.039
6.279500;-0.1720;0.5912;0.8531;1.052
6.279925;-0.1349;0.6020;0.8551;1.054
6.284579;-0.0723;0.5971;0.8609;1.050
6.289104;0.0283;0.5844;0.8648;1.044
6.296203;0.0723;0.5854;0.8590;1.042
6.299470;0.0840;0.5893;0.8590;1.045
6.304243;0.1026;0.5971;0.8521;1.046
6.309366;0.0987;0.5844;0.8414;1.029
6.314750;0.0762;0.5736;0.8502;1.028
6.319399;0.0733;0.5766;0.8414;1.023
6.324858;0.0195;0.5541;0.8316;0.999
6.346242;-0.0010;0.5756;0.8326;1.012
6.348452;-0.0166;0.5805;0.8414;1.022
6.350074;-0.0616;0.5668;0.8267;1.004
6.351246;-0.0254;0.5648;0.8385;1.011
6.352180;-0.0625;0.5482;0.8463;1.010
6.354628;-0.1163;0.5287;0.8668;1.022
6.359693;-0.1339;0.5463;0.8531;1.022
6.387183;-0.1818;0.5521;0.8531;1.032
6.389387;-0.2521;0.5492;0.8560;1.048
6.390649;-0.2443;0.5580;0.8756;1.067
6.391646;-0.2785;0.5531;0.8580;1.058
6.392620;-0.3215;0.5492;0.8560;1.067
6.394146;-0.3127;0.5443;0.8453;1.053
6.396113;-0.2736;0.5756;0.8609;1.071
6.401777;-0.2404;0.5893;0.8580;1.068
6.404770;-0.1808;0.5746;0.8805;1.067
6.409880;-0.1534;0.5678;0.8961;1.072
6.431700;-0.1085;0.5824;0.9205;1.095
6.433643;-0.0635;0.5824;0.9010;1.075
6.434788;-0.1016;0.5609;0.8502;1.024
6.435691;-0.1378;0.5463;0.8463;1.017
6.436659;-0.1593;0.5492;0.8473;1.022
6.439485;-0.1495;0.5531;0.8375;1.015
6.457802;-0.1612;0.5170;0.8727;1.027
6.460199;-0.1612;0.4886;0.8648;1.006
6.461389;-0.1534;0.5003;0.8658;1.012
6.462609;-0.1622;0.4925;0.8756;1.018
6.464630;-0.1739;0.4837;0.8453;0.989
6.469975;-0.1700;0.4202;0.8707;0.982
6.474519;-0.1964;0.4398;0.8648;0.990
6.479329;-0.2121;0.4515;0.8453;0.981
6.484562;-0.2365;0.4710;0.8306;0.984
6.489266;-0.2629;0.4915;0.8179;0.990
6.496391;-0.2599;0.5365;0.7974;0.996
6.499516;-0.2169;0.5619;0.7828;0.988
6.505143;-0.2052;0.5883;0.7779;0.997
6.509643;-0.1524;0.5893;0.7769;0.987
6.514401;-0.1534;0.5795;0.7916;0.993
6.519961;-0.1417;0.5844;0.8052;1.005
6.525055;-0.1349;0.5727;0.8433;1.028
6.545729;-0.1075;0.5687;0.8258;1.008
6.547672;-0.1202;0.5648;0.8394;1.019
6.548725;-0.1065;0.5463;0.8414;1.009
6.549934;-0.1710;0.5345;0.8473;1.016
6.550991;-0.2042;0.5277;0.8492;1.020
6.554918;-0.2101;0.5052;0.8433;1.005
6.559487;-0.1886;0.4534;0.8785;1.006
6.587707;-0.2111;0.4261;0.9020;1.020
6.590305;-0.2042;0.4114;0.8863;0.998
6.593623;-0.2081;0.3753;0.9039;1.001
6.595504;-0.2150;0.3655;0.9020;0.997
6.596925;-0.2003;0.3626;0.8893;0.981
6.598411;-0.1994;0.3674;0.8766;0.971
6.599723;-0.2150;0.3889;0.8463;0.956
6.601043;-0.2326;0.4290;0.8433;0.974
6.605913;-0.2678;0.4632;0.8365;0.993
6.609376;-0.2873;0.4896;0.8365;1.011
6.650456;-0.2775;0.4945;0.8424;1.015
6.652174;-0.2981;0.5218;0.8404;1.033
6.652987;-0.3127;0.5316;0.8414;1.043
6.653730;-0.3215;0.5394;0.8512;1.058
6.654465;-0.3254;0.5316;0.8560;1.059
6.655016;-0.3235;0.5277;0.8560;1.056
6.655977;-0.2990;0.5179;0.8551;1.043
6.656562;-0.3078;0.5130;0.8375;1.029
6.657017;-0.3254;0.4847;0.8404;1.023
6.659296;-0.3117;0.4661;0.8551;1.023
6.681512;-0.3000;0.4407;0.8560;1.008
6.683371;-0.3264;0.4407;0.8590;1.019
6.684129;-0.3371;0.4407;0.8590;1.023
6.684672;-0.3450;0.4261;0.8531;1.014
6.685146;-0.3225;0.4319;0.8385;0.997
6.689252;-0.3176;0.4290;0.8453;1.000
6.695855;-0.3186;0.4613;0.8453;1.014
6.699498;-0.3215;0.4749;0.8453;1.021
6.704321;-0.3411;0.4857;0.8365;1.026
6.709347;-0.3674;0.5062;0.8453;1.052
6.714517;-0.3928;0.5238;0.8619;1.082
6.719435;-0.4007;0.5189;0.8697;1.089
6.724419;-0.3919;0.5052;0.8795;1.087
6.743453;-0.3694;0.4818;0.8707;1.061
6.745247;-0.3479;0.4573;0.8688;1.042
6.746154;-0.3401;0.4368;0.8560;1.019
6.746911;-0.2990;0.4153;0.8482;0.991
6.750117;-0.2619;0.3968;0.8463;0.971
6.754540;-0.2814;0.4007;0.8473;0.979
6.758981;-0.2902;0.3948;0.8287;0.963
6.787141;-0.3127;0.4134;0.8121;0.963
6.788990;-0.3655;0.4114;0.8043;0.975
6.789877;-0.3450;0.3508;0.8091;0.947
6.790675;-0.3626;0.3508;0.8218;0.964
6.791707;-0.3909;0.3674;0.8394;0.996
6.793929;-0.3782;0.3518;0.8502;0.995
6.795350;-0.3616;0.3586;0.8414;0.984
6.800643;-0.3430;0.3831;0.8140;0.963
6.804120;-0.3196;0.3889;0.8199;0.962
6.809151;-0.3186;0.3880;0.8111;0.954
6.822290;-0.2951;0.3880;0.8043;0.940
6.823802;-0.3127;0.3811;0.8336;0.968
6.824680;-0.3616;0.4202;0.8756;1.036
6.847309;-0.3606;0.4241;0.8756;1.038
6.849004;-0.3684;0.4280;0.8883;1.053
6.849552;-0.3762;0.4114;0.8824;1.044
6.850191;-0.3606;0.4007;0.8844;1.036
6.850728;-0.3557;0.4046;0.8824;1.034
6.854168;-0.3586;0.3840;0.8697;1.016
6.859008;-0.3166;0.3088;0.8326;0.943
6.864012;-0.3039;0.3029;0.8560;0.958
6.869216;-0.3039;0.3147;0.8531;0.959
6.873924;-0.3117;0.2981;0.8463;0.950
6.878765;-0.2971;0.2844;0.8609;0.954
6.883731;-0.3674;0.2971;0.8199;0.946
6.888743;-0.3655;0.2902;0.8287;0.951
6.894380;-0.4427;0.2893;0.8365;0.990
6.899279;-0.5003;0.3127;0.8277;1.016
6.904197;-0.5355;0.3137;0.8228;1.031
6.909052;-0.5472;0.3108;0.8492;1.057
6.914137;-0.5844;0.3303;0.8512;1.084
6.919091;-0.5834;0.3401;0.8600;1.093
6.923862;-0.6098;0.3518;0.8473;1.102
6.935747;-0.6205;0.3684;0.8756;1.135
6.937356;-0.6127;0.3264;0.9108;1.145
6.942833;-0.5814;0.2687;0.9010;1.105
6.967447;-0.6293;0.2814;0.6538;0.950
6.969574;-0.7212;0.5189;0.8375;1.221
6.970834;-0.6342;0.5619;0.8854;1.225
6.972030;-0.4808;0.5531;0.6821;1.001
6.972970;-0.3430;0.5756;0.5502;0.867
6.975360;-0.2619;0.5619;0.5472;0.827
6.976051;-0.2687;0.4681;0.6723;0.862
6.979384;-0.2414;0.4134;0.8287;0.957
6.984034;-0.2531;0.3655;0.9059;1.009
6.988760;-0.3342;0.3283;0.9567;1.065
6.994264;-0.4026;0.2717;0.9772;1.091
6.999305;-0.4720;0.2570;1.0007;1.136
7.004108;-0.4573;0.2228;0.9890;1.112
7.008818;-0.4280;0.2277;0.9293;1.048
7.015051;-0.4134;0.2072;0.8961;1.008
7.018838;-0.4661;0.2414;0.8541;1.003
7.023891;-0.4310;0.2492;0.8248;0.963
7.038115;-0.5042;0.2902;0.8150;1.001
7.039715;-0.5639;0.2961;0.7955;1.019
7.040475;-0.5668;0.2941;0.7710;1.001
7.073831;-0.5824;0.3098;0.8033;1.039
7.076145;-0.5560;0.2863;0.8336;1.042
7.076941;-0.5648;0.2873;0.8453;1.056
7.077741;-0.5257;0.2814;0.8600;1.046
7.078539;-0.5072;0.2951;0.8629;1.044
7.079235;-0.4691;0.3020;0.8551;1.021
7.079892;-0.4114;0.3010;0.8502;0.991
7.080507;-0.3977;0.3225;0.8453;0.988
7.084479;-0.4124;0.3078;0.8453;0.990
7.089010;-0.4525;0.2834;0.8131;0.973
7.095247;-0.4906;0.2736;0.8336;1.005
7.098987;-0.5189;0.2414;0.8287;1.007
7.104628;-0.5805;0.2345;0.8179;1.030
7.109252;-0.6157;0.2365;0.8170;1.050
7.114914;-0.6430;0.2365;0.8140;1.064
7.119679;-0.6547;0.2296;0.8091;1.066
7.124114;-0.6577;0.2238;0.7808;1.045
7.137148;-0.6557;0.2218;0.7847;1.046
7.139343;-0.6430;0.2130;0.8052;1.052
7.140156;-0.6147;0.2267;0.8160;1.046
7.171987;-0.5609;0.2257;0.8170;1.016
7.173969;-0.5277;0.2218;0.8199;1.000
7.175178;-0.4749;0.2003;0.8385;0.984
7.175768;-0.4183;0.1867;0.8619;0.976
7.176359;-0.3518;0.1700;0.8492;0.935
7.177053;-0.2981;0.1671;0.8580;0.924
7.177988;-0.2648;0.1466;0.8688;0.920
7.179367;-0.2844;0.1212;0.8854;0.938
7.184946;-0.3469;0.1016;0.8863;0.957
7.188805;-0.4163;0.0704;0.8766;0.973
7.196763;-0.4808;0.0665;0.8560;0.984
7.199267;-0.5150;0.0616;0.8668;1.010
7.204056;-0.5560;0.0801;0.8365;1.008
7.208970;-0.6049;0.1026;0.8326;1.034
7.222853;-0.6372;0.1251;0.8385;1.060
7.224931;-0.6723;0.1202;0.8131;1.062
7.226539;-0.7056;0.1358;0.7925;1.070
7.229076;-0.7241;0.1534;0.8375;1.118
7.235029;-0.7124;0.1495;0.7925;1.076
7.239301;-0.7104;0.1300;0.7437;1.037
7.255270;-0.6762;0.1231;0.8033;1.057
7.257478;-0.6137;0.1075;0.8160;1.027
7.258945;-0.5648;0.1016;0.8394;1.017
7.259876;-0.4974;0.0704;0.8424;0.981
7.267942;-0.4554;0.0645;0.8805;0.993
7.270210;-0.4300;0.0410;0.8639;0.966
7.275709;-0.4134;0.0332;0.8560;0.951
7.279830;-0.4564;0.0147;0.8551;0.969
7.284691;-0.4681;-0.0088;0.8404;0.962
7.289114;-0.5082;-0.0254;0.8121;0.958
7.295451;-0.5189;-0.0088;0.8121;0.964
7.299573;-0.5257;-0.0176;0.8189;0.973
7.304264;-0.5502;0.0010;0.8248;0.991
7.311479;-0.5463;-0.0156;0.8228;0.988
7.314132;-0.5531;-0.0166;0.8433;1.009
7.319225;-0.5648;-0.0362;0.8414;1.014
7.324397;-0.5814;-0.0293;0.8385;1.021
7.342431;-0.5795;-0.0362;0.8531;1.032
7.344314;-0.5678;-0.0450;0.8629;1.034
7.345760;-0.5531;-0.0508;0.8609;1.025
7.346597;-0.5052;-0.0596;0.8658;1.004
7.349818;-0.4691;-0.0684;0.8648;0.986
7.354119;-0.4505;-0.0567;0.8668;0.979
7.359450;-0.4183;-0.0723;0.8688;0.967
7.376897;-0.4183;-0.0635;0.8727;0.970
7.378969;-0.4231;-0.0401;0.8648;0.964
7.379797;-0.4310;-0.0450;0.8580;0.961
7.380388;-0.4681;-0.0489;0.8551;0.976
7.384383;-0.5091;-0.0508;0.8473;0.990
7.389174;-0.5453;-0.0743;0.8521;1.014
7.396819;-0.5912;-0.0801;0.8697;1.055
7.399423;-0.6254;-0.0870;0.8385;1.050
7.404489;-0.6459;-0.0997;0.8473;1.070
7.412180;-0.6381;-0.1026;0.8531;1.070
7.415129;-0.6557;-0.0967;0.8658;1.090
7.419119;-0.6674;-0.0919;0.8697;1.100
7.423667;-0.6459;-0.0870;0.8668;1.085
7.435237;-0.6274;-0.0880;0.8590;1.067
7.436420;-0.5961;-0.0880;0.8492;1.041
7.439335;-0.5404;-0.0850;0.8521;1.013
7.467014;-0.4935;-0.0704;0.8492;0.985
7.468294;-0.4652;-0.0684;0.8580;0.978
7.469247;-0.4251;-0.0694;0.8560;0.958
7.469821;-0.3899;-0.0792;0.8766;0.963
7.470455;-0.3557;-0.0889;0.8795;0.953
7.471460;-0.3098;-0.1036;0.8824;0.941
7.474450;-0.2883;-0.1085;0.8981;0.949
7.479608;-0.3205;-0.0997;0.9577;1.015
7.484316;-0.2844;-0.1368;0.8551;0.911
7.489157;-0.3303;-0.1739;0.8590;0.937
7.495511;-0.3958;-0.2081;0.8629;0.972
7.499599;-0.4427;-0.2492;0.8297;0.973
7.504454;-0.5140;-0.2805;0.8346;1.019
7.510923;-0.5727;-0.3020;0.8336;1.055
7.514073;-0.6088;-0.2981;0.8326;1.074
7.519197;-0.6205;-0.3020;0.8326;1.081
7.524410;-0.6362;-0.2844;0.8267;1.081
7.542801;-0.6215;-0.2824;0.8365;1.080
7.544536;-0.6020;-0.2619;0.8502;1.074
7.546280;-0.5814;-0.2384;0.8795;1.081
7.547574;-0.5287;-0.2365;0.8863;1.059
7.548921;-0.4925;-0.2111;0.9020;1.049
7.554394;-0.4554;-0.2081;0.9078;1.037
7.575509;-0.4398;-0.1906;0.9147;1.033
7.578401;-0.3870;-0.1896;0.9137;1.010
7.580143;-0.3723;-0.1915;0.9166;1.008
7.581445;-0.3469;-0.1945;0.9059;0.989
7.583040;-0.3254;-0.1984;0.8942;0.972
7.584833;-0.3176;-0.2121;0.8766;0.956
7.589526;-0.2893;-0.2414;0.8785;0.956
7.595815;-0.2902;-0.2736;0.8785;0.965
7.599579;-0.3186;-0.2912;0.8658;0.967
7.604576;-0.3557;-0.3117;0.8580;0.980
7.613630;-0.3840;-0.3479;0.8629;1.007
7.616027;-0.4173;-0.3498;0.8492;1.009
7.619854;-0.4251;-0.3508;0.8560;1.018
7.624921;-0.4700;-0.3547;0.8482;1.033
7.646168;-0.4749;-0.3508;0.8502;1.035
7.648153;-0.5756;-0.3205;0.8238;1.055
7.649568;-0.7085;-0.2609;0.7319;1.052
7.651576;-0.7290;-0.2511;0.7573;1.081
7.653029;-0.7075;-0.2336;0.8785;1.152
7.654734;-0.6274;-0.2345;0.9039;1.125
7.687243;-0.4661;-0.2433;0.9411;1.078
7.689379;-0.3039;-0.2805;0.8932;0.984
7.690636;-0.2707;-0.2951;0.8658;0.954
7.691621;-0.2316;-0.2990;0.9137;0.989
7.692688;-0.1827;-0.2932;0.9235;0.986
7.694014;-0.1915;-0.3000;0.8922;0.961
7.695112;-0.1954;-0.3176;0.8619;0.939
7.696504;-0.2189;-0.3264;0.8424;0.930
7.700361;-0.2326;-0.3440;0.8805;0.973
7.704247;-0.2404;-0.3616;0.8834;0.984
7.729407;-0.2756;-0.3753;0.9098;1.022
7.732292;-0.3186;-0.3821;0.9147;1.041
7.734075;-0.3000;-0.3968;0.9118;1.039
7.735236;-0.3020;-0.4085;0.8951;1.029
7.736155;-0.3029;-0.3938;0.8775;1.008
7.737035;-0.2785;-0.3880;0.8678;0.991
7.739669;-0.2883;-0.3860;0.8580;0.984
7.773092;-0.2384;-0.3391;0.8570;0.952
7.775635;-0.2502;-0.3459;0.8473;0.949
7.777636;-0.2599;-0.3586;0.8580;0.966
7.779222;-0.2814;-0.3694;0.8746;0.990
7.780589;-0.2893;-0.3831;0.8834;1.005
7.782206;-0.3068;-0.3987;0.8971;1.029
7.783655;-0.3137;-0.3977;0.9147;1.046
7.784603;-0.3303;-0.3880;0.9264;1.057
7.785488;-0.3342;-0.3733;0.9127;1.041
7.790002;-0.2971;-0.3860;0.9069;1.029
7.794427;-0.3029;-0.3733;0.8873;1.009
7.799993;-0.3029;-0.3733;0.8795;1.002
7.804596;-0.3049;-0.3811;0.9196;1.041
7.811404;-0.2511;-0.4104;0.8580;0.984
7.815159;-0.2169;-0.4085;0.8795;0.994
7.819096;-0.2189;-0.4026;0.8795;0.992
7.824554;-0.2130;-0.3919;0.8473;0.957
7.845962;-0.1925;-0.3811;0.8443;0.946
7.847534;-0.1603;-0.3801;0.8424;0.938
7.848326;-0.1505;-0.3743;0.8424;0.934
7.849210;-0.1427;-0.3674;0.8619;0.948
7.850214;-0.1016;-0.3753;0.8678;0.951
7.854343;-0.0860;-0.3762;0.8590;0.942
7.859102;-0.0596;-0.3840;0.8580;0.942
7.888919;-0.0371;-0.3909;0.8668;0.952
7.890839;-0.0098;-0.4046;0.8805;0.969
7.891562;-0.0107;-0.4134;0.8609;0.955
7.892224;-0.0254;-0.4251;0.8531;0.953
7.892916;-0.0508;-0.4300;0.8482;0.952
7.893754;-0.1222;-0.4515;0.8521;0.972
7.894667;-0.1573;-0.4700;0.8521;0.986
7.900707;-0.1476;-0.4847;0.8414;0.982
7.904386;-0.1564;-0.4955;0.8482;0.995
7.920805;-0.1505;-0.5150;0.8560;1.010
7.922460;-0.1544;-0.5287;0.8629;1.024
7.923168;-0.1349;-0.5306;0.8951;1.049
7.924591;-0.1407;-0.5404;0.8961;1.056
7.961853;-0.1495;-0.5609;0.9293;1.096
7.963501;-0.1603;-0.5687;0.9284;1.100
7.964519;-0.1476;-0.5687;0.9303;1.100
7.965081;-0.1241;-0.5736;0.9499;1.117
7.966155;-0.0987;-0.5766;0.9469;1.113
7.967219;-0.0762;-0.5727;0.9352;1.099
7.967847;-0.0420;-0.5502;0.9127;1.067
7.968499;-0.0195;-0.5365;0.9078;1.055
7.970863;0.0098;-0.5160;0.8805;1.021
7.974288;0.0166;-0.5091;0.8668;1.005
7.980045;0.0195;-0.4984;0.8580;0.992
7.984437;0.0313;-0.4837;0.8551;0.983
7.989633;0.0274;-0.4759;0.8551;0.979
7.995121;0.0117;-0.4661;0.8394;0.960
7.999112;0.0127;-0.4622;0.8443;0.963
8.004504;0.0274;-0.4652;0.8541;0.973
8.011086;0.0371;-0.4710;0.8521;0.974
8.014184;0.0547;-0.4788;0.8600;0.986
8.019117;0.0674;-0.4935;0.8688;1.001
8.024275;0.0831;-0.4984;0.8648;1.002
8.037618;0.0586;-0.5013;0.8775;1.012
8.039751;0.0205;-0.4935;0.8639;0.995
8.040408;0.0186;-0.5023;0.9000;1.031
8.081133;-0.0244;-0.5062;0.8629;1.001
8.083059;-0.0401;-0.5013;0.8785;1.012
8.083765;-0.0586;-0.5101;0.8668;1.007
8.084250;-0.0792;-0.5257;0.8736;1.023
8.085064;-0.0606;-0.5531;0.8873;1.047
8.087510;-0.0850;-0.5472;0.8785;1.039
8.088703;-0.0498;-0.5512;0.8756;1.036
8.089972;-0.0577;-0.5599;0.8619;1.029
8.091714;-0.0469;-0.5648;0.8600;1.030
8.092931;-0.0420;-0.5658;0.8404;1.014
8.095893;-0.0264;-0.5727;0.8639;1.037
8.100265;-0.0049;-0.5668;0.8717;1.040
8.104224;0.0537;-0.5687;0.8863;1.054
8.110811;0.0782;-0.5717;0.8883;1.059
8.114158;0.0880;-0.5707;0.8961;1.066
8.118989;0.0928;-0.5687;0.8951;1.065
8.123792;0.0987;-0.5687;0.8815;1.054
8.142597;0.1270;-0.5746;0.8775;1.057
8.144112;0.1280;-0.5814;0.8883;1.069
8.144955;0.1231;-0.5942;0.8746;1.064
8.146209;0.1212;-0.6059;0.8414;1.044
8.148751;0.1153;-0.5766;0.8306;1.018
8.153928;0.1241;-0.5746;0.8424;1.027
8.181983;0.1075;-0.5619;0.8619;1.034
8.183368;0.0801;-0.5267;0.9245;1.067
8.183989;0.0723;-0.5130;0.9186;1.055
8.184486;0.0518;-0.5052;0.9166;1.048
8.185035;0.0371;-0.4915;0.8990;1.025
8.185517;0.0205;-0.4827;0.8942;1.016
8.188712;0.0450;-0.4925;0.8570;0.989
8.194042;0.0440;-0.5023;0.8600;0.997
8.198753;0.0528;-0.4974;0.8766;1.009
8.203848;0.0958;-0.5170;0.8922;1.036
8.220092;0.1261;-0.5306;0.8473;1.008
8.221891;0.1427;-0.5316;0.8375;1.002
8.222752;0.1280;-0.5355;0.8609;1.022
8.223957;0.1358;-0.5316;0.8727;1.031
8.261197;0.1603;-0.5414;0.8668;1.034
8.263208;0.1739;-0.5287;0.8844;1.045
8.264055;0.1739;-0.5170;0.8609;1.019
8.264547;0.1593;-0.5052;0.8560;1.007
8.265113;0.1759;-0.4984;0.8678;1.016
8.266020;0.1954;-0.4749;0.8824;1.021
8.266942;0.1554;-0.4378;0.8639;0.981
8.267776;0.1153;-0.4270;0.8609;0.968
8.268957;0.0958;-0.4095;0.8775;0.973
8.274080;0.0850;-0.4016;0.8903;0.980
8.278869;0.0694;-0.3997;0.8883;0.977
8.283933;0.0557;-0.3821;0.8844;0.965
8.290326;0.0733;-0.3821;0.8922;0.973
8.294178;0.0948;-0.4124;0.8844;0.980
8.298890;0.0997;-0.4270;0.8834;0.986
8.303915;0.1124;-0.4466;0.8688;0.983
8.319879;0.1251;-0.4720;0.8707;0.998
8.321332;0.1349;-0.4808;0.8541;0.989
8.322326;0.1270;-0.4720;0.8492;0.980
8.326182;0.1134;-0.4554;0.8639;0.983
8.358387;0.1251;-0.4310;0.8766;0.985
8.359873;0.1661;-0.3977;0.8658;0.967
8.360725;0.2101;-0.3919;0.8863;0.992
8.361584;0.2189;-0.3919;0.8707;0.980
8.362552;0.2609;-0.3899;0.8707;0.989
8.363385;0.3391;-0.4398;0.8404;1.007
8.364254;0.3156;-0.4534;0.8238;0.992
8.365133;0.3655;-0.4984;0.8551;1.055
8.369424;0.3479;-0.5130;0.8580;1.058
8.373917;0.3440;-0.5199;0.8697;1.070
8.379035;0.3293;-0.5287;0.8824;1.080
8.383949;0.3117;-0.5209;0.8824;1.071
8.388935;0.2756;-0.5101;0.9078;1.077
8.393975;0.2814;-0.5130;0.8922;1.067
8.398908;0.2795;-0.5228;0.9245;1.098
8.403803;0.2922;-0.5257;0.8912;1.075
8.419842;0.2961;-0.5306;0.8922;1.079
8.421606;0.3430;-0.5082;0.8785;1.071
8.422670;0.3557;-0.5140;0.8785;1.078
8.423880;0.3772;-0.5042;0.8463;1.055
8.448189;0.4085;-0.4925;0.8570;1.070
8.450121;0.4212;-0.4622;0.9078;1.102
8.450942;0.4231;-0.4046;0.9039;1.077
8.451574;0.3782;-0.3596;0.9020;1.042
8.452259;0.3665;-0.3235;0.8678;0.996
8.453999;0.3440;-0.3166;0.8521;0.972
8.460933;0.3567;-0.3117;0.8580;0.980
8.464060;0.3645;-0.3166;0.8473;0.975
8.468815;0.3753;-0.3313;0.8580;0.993
8.474296;0.3420;-0.3352;0.8951;1.015
8.479125;0.2814;-0.3430;0.8531;0.962
8.484163;0.1847;-0.3244;0.8600;0.937
8.489015;0.1456;-0.3108;0.8512;0.918
8.494216;0.1456;-0.3479;0.8414;0.922
8.499458;0.1906;-0.3753;0.8541;0.952
8.504302;0.2209;-0.3733;0.9176;1.015
8.510146;0.2443;-0.3850;0.8570;0.971
8.514246;0.2687;-0.3919;0.8736;0.994
8.519063;0.2981;-0.3801;0.8473;0.975
8.525069;0.3147;-0.3743;0.8570;0.987
8.538013;0.3059;-0.3371;0.8727;0.984
8.539717;0.3430;-0.3381;0.8668;0.992
8.540711;0.3596;-0.3362;0.8394;0.973
8.579468;0.3713;-0.3528;0.8707;1.010
8.581314;0.3860;-0.3616;0.8394;0.992
8.582250;0.3948;-0.3743;0.8218;0.986
8.582921;0.4085;-0.3928;0.8424;1.015
8.583774;0.4007;-0.4065;0.8424;1.018
8.584841;0.4495;-0.4446;0.8570;1.065
8.586068;0.4886;-0.4769;0.8404;1.083
8.587186;0.4876;-0.4857;0.8863;1.122
8.588236;0.4945;-0.5052;0.9020;1.146
8.589622;0.5130;-0.5072;0.9176;1.167
8.597642;0.5238;-0.5091;0.9616;1.208
8.599947;0.5580;-0.5052;0.9557;1.217
8.607189;0.5609;-0.4847;0.9381;1.196
8.609494;0.5756;-0.4231;0.9430;1.183
8.616683;0.5492;-0.3870;0.8717;1.101
8.619123;0.4749;-0.3264;0.8971;1.066
8.624792;0.3821;-0.2981;0.8580;0.985
8.642269;0.3420;-0.2941;0.8346;0.949
8.644079;0.3176;-0.2863;0.8170;0.922
8.646747;0.3362;-0.3020;0.8306;0.946
8.647963;0.3283;-0.3039;0.8218;0.936
8.648945;0.3362;-0.3137;0.8365;0.955
8.654317;0.3704;-0.3215;0.8316;0.965
8.682998;0.4036;-0.3049;0.8316;0.973
8.684919;0.4143;-0.3098;0.8433;0.989
8.686104;0.4407;-0.3078;0.8560;1.011
8.687143;0.4779;-0.3147;0.8942;1.062
8.688024;0.5619;-0.3362;0.9078;1.119
8.689056;0.5902;-0.3450;0.9127;1.140
8.695064;0.6352;-0.3557;0.8942;1.153
8.696108;0.6391;-0.3381;0.9147;1.166
8.701100;0.6411;-0.3411;0.9254;1.176
8.704202;0.6264;-0.3459;0.8922;1.144
8.712714;0.5971;-0.3323;0.8971;1.128
8.714823;0.5306;-0.3127;0.9010;1.091
8.718882;0.4925;-0.3078;0.8883;1.061
8.723864;0.4388;-0.3029;0.8942;1.041
8.738542;0.3782;-0.2961;0.9078;1.027
8.741000;0.3655;-0.3156;0.8815;1.005
8.741855;0.3411;-0.3244;0.8942;1.010
8.743971;0.3010;-0.3196;0.8815;0.985
8.748888;0.3068;-0.3381;0.8824;0.994
8.754167;0.3420;-0.3450;0.8824;1.007
8.778713;0.3919;-0.3459;0.9411;1.076
8.780612;0.4955;-0.3244;0.8824;1.063
8.781872;0.5609;-0.2717;0.8756;1.075
8.782793;0.5912;-0.2287;0.8717;1.078
8.783691;0.5893;-0.1798;0.8678;1.064
8.784797;0.5697;-0.1544;0.8717;1.053
8.788943;0.5697;-0.1358;0.8795;1.057
8.794436;0.5209;-0.1173;0.8873;1.036
8.799902;0.5111;-0.1104;0.8492;0.997
8.804022;0.4613;-0.0967;0.7984;0.927
8.812710;0.3782;-0.1075;0.7769;0.871
8.815747;0.2678;-0.1270;0.8277;0.879
8.818995;0.1915;-0.1642;0.8541;0.891
8.824080;0.1505;-0.2179;0.9059;0.944
8.832539;0.1319;-0.2648;0.8707;0.920
8.834813;0.1652;-0.2902;0.8912;0.952
8.839074;0.1896;-0.2990;0.8785;0.947
8.859193;0.2599;-0.2795;0.9254;1.001
8.863992;0.3098;-0.2316;0.9303;1.008
8.866475;0.4466;-0.2140;0.9333;1.057
8.868461;0.5854;-0.2277;0.9303;1.122
8.870413;0.5844;-0.1935;0.9665;1.146
8.872174;0.5805;-0.1720;0.9704;1.144
8.874430;0.6078;-0.1515;0.9225;1.115
8.920087;0.6332;-0.1485;0.8863;1.099
8.921970;0.5814;-0.1241;0.8873;1.068
8.922948;0.5492;-0.1202;0.8775;1.042
8.923881;0.5639;-0.1143;0.8785;1.050
8.924673;0.5824;-0.1173;0.8629;1.048
8.925208;0.5560;-0.0840;0.8844;1.048
8.926206;0.4955;-0.0567;0.8639;0.997
8.927463;0.4339;-0.0264;0.8824;0.984
8.929504;0.3782;-0.0244;0.8863;0.964
8.930486;0.3371;-0.0352;0.8990;0.961
8.931149;0.3528;-0.0596;0.8922;0.961
8.935132;0.3635;-0.0811;0.8990;0.973
8.938975;0.3743;-0.0772;0.8961;0.974
8.953346;0.4290;-0.0616;0.8961;0.995
8.954966;0.4593;-0.0137;0.8756;0.989
8.955646;0.4925;0.0264;0.8775;1.007
8.959154;0.5228;0.0821;0.8785;1.026
8.979148;0.5463;0.1124;0.8746;1.037
8.981831;0.5355;0.1182;0.8883;1.044
8.982579;0.5746;0.1153;0.8912;1.067
8.983162;0.5971;0.1202;0.8824;1.072
8.983872;0.5541;0.1261;0.9225;1.083
8.989279;0.5805;0.1270;0.8394;1.028
8.994422;0.5785;0.1329;0.9352;1.108
8.999597;0.5736;0.1182;0.8912;1.066
9.006292;0.5814;0.1075;0.9000;1.077
9.010670;0.5599;0.1124;0.9020;1.068
9.014186;0.5687;0.1075;0.9118;1.080
9.019081;0.5814;0.0772;0.8981;1.073
9.037486;0.5697;0.0655;0.9157;1.080
9.039188;0.5521;0.0489;0.8981;1.055
9.039903;0.5394;0.0381;0.9284;1.074
9.040610;0.5287;0.0420;0.9137;1.056
9.079536;0.5130;0.0537;0.8961;1.034
9.080799;0.5316;0.0645;0.8942;1.042
9.081413;0.4935;0.0938;0.8707;1.005
9.082036;0.4652;0.1094;0.8854;1.006
9.082550;0.4466;0.1349;0.8688;0.986
9.083067;0.4114;0.1603;0.8639;0.970
9.083678;0.3723;0.1720;0.8609;0.954
9.084370;0.3586;0.1915;0.8736;0.964
9.085021;0.4016;0.2003;0.8668;0.976
9.089577;0.4515;0.2081;0.8688;1.001
9.094168;0.5277;0.2052;0.8785;1.045
9.099072;0.5942;0.2150;0.9030;1.102
9.104545;0.6176;0.2384;0.8903;1.109
9.111028;0.6225;0.2521;0.9030;1.125
9.114248;0.6157;0.2414;0.8961;1.114
9.119350;0.6186;0.2218;0.9030;1.117
9.124037;0.6039;0.2003;0.9176;1.117
9.136751;0.5560;0.1788;0.9108;1.082
9.138442;0.5189;0.1603;0.8990;1.050
9.139469;0.5150;0.1524;0.8824;1.033
9.179295;0.4808;0.1544;0.8863;1.020
9.180913;0.4378;0.1661;0.8746;0.992
9.181523;0.4085;0.1749;0.8756;0.982
9.182148;0.3489;0.1974;0.8893;0.975
9.182697;0.3411;0.2248;0.8756;0.966
9.183197;0.3205;0.2336;0.8697;0.956
9.183905;0.3342;0.2365;0.8727;0.964
9.184688;0.3811;0.2326;0.8854;0.992
9.185358;0.4095;0.2267;0.8883;1.004
9.189945;0.4583;0.2257;0.8873;1.024
9.194157;0.5101;0.2384;0.8863;1.050
9.199300;0.5179;0.2472;0.8873;1.057
9.204420;0.5218;0.2678;0.8971;1.072
9.211055;0.5140;0.2746;0.8981;1.071
9.214144;0.5042;0.2834;0.9176;1.085
9.219022;0.4955;0.2678;0.9118;1.072
9.224513;0.4955;0.2570;0.9186;1.075
9.228900;0.4769;0.2238;0.9215;1.061
9.234018;0.4749;0.2062;0.8961;1.035
9.239100;0.4583;0.1818;0.9020;1.028
9.253599;0.4358;0.1700;0.8990;1.013
9.255198;0.3880;0.1749;0.8736;0.972
9.255926;0.3323;0.2277;0.8609;0.950
9.288666;0.3215;0.2795;0.8600;0.960
9.290664;0.3450;0.3147;0.8600;0.979
9.291592;0.3489;0.3342;0.8648;0.991
9.292426;0.3889;0.3381;0.8844;1.024
9.293281;0.4085;0.3264;0.8883;1.031
9.294445;0.4388;0.3225;0.8834;1.038
9.295485;0.4437;0.3244;0.8609;1.021
9.296484;0.4388;0.3176;0.8619;1.018
9.299170;0.4329;0.3078;0.8707;1.020
9.303841;0.4114;0.3000;0.8658;1.004
9.309846;0.4251;0.2736;0.8805;1.015
9.314235;0.4319;0.2580;0.8785;1.012
9.319198;0.4261;0.2355;0.9088;1.031
9.326048;0.4192;0.2150;0.9137;1.028
9.329116;0.4055;0.1779;0.9274;1.028
9.333891;0.3459;0.1485;0.9166;0.991
9.339094;0.3577;0.1104;0.9245;0.997
9.354677;0.3196;0.0850;0.9147;0.973
9.356525;0.3274;0.0870;0.9049;0.966
9.357535;0.3127;0.0987;0.8903;0.949
9.391558;0.3059;0.1730;0.8678;0.936
9.393029;0.2805;0.2902;0.8590;0.949
9.393901;0.2511;0.3753;0.8394;0.953
9.394629;0.2941;0.4075;0.8170;0.959
9.395184;0.3166;0.4661;0.8306;1.004
9.395831;0.3694;0.4788;0.8277;1.025
9.396776;0.3772;0.4906;0.8346;1.039
9.397451;0.4466;0.4085;0.8023;1.005
9.398716;0.3977;0.3928;0.8052;0.980
9.404147;0.4104;0.4016;0.8795;1.050
9.410178;0.3919;0.4554;0.8766;1.063
9.414708;0.3948;0.4876;0.9166;1.111
9.419195;0.3889;0.5189;0.9606;1.159
9.425086;0.3831;0.5140;0.9420;1.139
9.429929;0.4104;0.4925;0.9352;1.134
9.434439;0.3889;0.4632;0.9020;1.086
9.438819;0.3713;0.4231;0.9626;1.115
9.452946;0.3968;0.3811;0.9323;1.082
9.454980;0.3821;0.3547;0.9098;1.049
9.455891;0.3821;0.3626;0.9049;1.047
9.459308;0.4261;0.3987;0.9245;1.093
9.464771;0.4710;0.4192;0.9069;1.105
9.469111;0.4720;0.3968;0.6889;0.925
9.492040;0.4710;0.4212;0.6743;0.924
9.494479;0.4398;0.4583;0.7886;1.013
9.495423;0.4808;0.4583;0.9157;1.131
9.496185;0.5023;0.4378;1.0075;1.208
9.496914;0.5023;0.4378;0.9987;1.201
9.498977;0.4593;0.3987;0.9225;1.105
9.504020;0.4349;0.3762;0.8912;1.061
9.509332;0.3987;0.3635;0.8863;1.038
9.514034;0.3821;0.3782;0.9108;1.058
9.519228;0.3254;0.4251;0.9235;1.067
9.524075;0.3039;0.4769;0.8717;1.039
9.529550;0.2863;0.4974;0.8365;1.014
9.534507;0.2844;0.4827;0.8678;1.033
9.539316;0.2971;0.4456;0.8590;1.012
9.552664;0.3108;0.3782;0.8414;0.973
9.554506;0.3362;0.3186;0.8121;0.935
9.555413;0.3635;0.2932;0.8492;0.969
9.581748;0.3528;0.2873;0.8365;0.952
9.583651;0.3274;0.3068;0.8238;0.938
9.584564;0.2941;0.3518;0.8355;0.953
9.585111;0.2599;0.4075;0.8942;1.016
9.585613;0.2238;0.4319;0.8981;1.021
9.586528;0.2062;0.4573;0.8834;1.016
9.588871;0.1945;0.4681;0.9225;1.053
9.594372;0.2160;0.4710;0.9333;1.067
9.600060;0.2267;0.4671;0.9245;1.060
9.604478;0.2502;0.4534;0.9059;1.043
9.610858;0.2824;0.4515;0.9069;1.052
9.614145;0.3127;0.4505;0.8903;1.046
9.618939;0.3381;0.4495;0.8707;1.037
9.626706;0.3586;0.4476;0.8375;1.015
9.628919;0.3616;0.4573;0.8414;1.024
9.634106;0.3665;0.4788;0.8482;1.041
9.639012;0.3655;0.4935;0.8385;1.039
9.653599;0.3508;0.4945;0.8424;1.038
9.655346;0.3274;0.4896;0.8316;1.019
9.656459;0.3127;0.4886;0.8238;1.008
9.694372;0.2853;0.4876;0.8248;1.000
9.696081;0.2560;0.4876;0.8385;1.003
9.697030;0.2218;0.4857;0.8443;0.999
9.698093;0.1906;0.4896;0.8502;0.999
9.698957;0.1837;0.4798;0.8551;0.998
9.699581;0.1798;0.4896;0.8785;1.022
9.700133;0.1827;0.4906;0.8883;1.031
9.700627;0.1867;0.4876;0.8961;1.037
9.701325;0.2003;0.5062;0.8971;1.049
9.704561;0.2345;0.4994;0.8903;1.047
9.712608;0.2404;0.5042;0.8971;1.057
9.715237;0.2472;0.4994;0.8932;1.053
9.718908;0.2639;0.5042;0.9059;1.070
9.723948;0.2746;0.4994;0.8815;1.050
9.729193;0.2511;0.5072;0.8727;1.040
9.734626;0.2726;0.4925;0.8756;1.041
9.740463;0.2560;0.4896;0.8531;1.016
9.761046;0.2541;0.4994;0.8492;1.017
9.763232;0.2482;0.4935;0.8531;1.016
9.764265;0.2277;0.4886;0.8658;1.020
9.765189;0.2238;0.4994;0.8629;1.022
9.766311;0.2101;0.4955;0.8512;1.007
9.769587;0.2179;0.4798;0.8580;1.007
9.794849;0.2267;0.4886;0.8648;1.019
9.796546;0.2287;0.4837;0.8815;1.031
9.797204;0.2150;0.4818;0.8903;1.035
9.797781;0.2111;0.4857;0.8775;1.025
9.798422;0.2257;0.4867;0.8805;1.031
9.799142;0.2179;0.4984;0.8844;1.038
9.804251;0.2218;0.4896;0.8824;1.033
9.809195;0.2160;0.4896;0.8854;1.035
9.814159;0.2199;0.4886;0.8766;1.027
9.819537;0.2081;0.5091;0.8854;1.042
9.826791;0.2081;0.5121;0.8746;1.035
9.828797;0.1886;0.5150;0.8746;1.032
9.834579;0.1837;0.5121;0.8746;1.030
9.839670;0.1837;0.5218;0.8883;1.046
9.852608;0.1886;0.5140;0.8951;1.049
9.854412;0.2033;0.5101;0.8854;1.042
9.855036;0.2130;0.5091;0.8756;1.035
9.891553;0.2140;0.5033;0.8766;1.033
9.893328;0.2453;0.5033;0.8775;1.041
9.894322;0.2551;0.5111;0.8834;1.052
9.895136;0.2551;0.5003;0.8668;1.033
9.896033;0.2551;0.4915;0.8629;1.025
9.896970;0.2658;0.4788;0.8717;1.029
9.898030;0.2492;0.4955;0.8521;1.017
9.899110;0.2306;0.5121;0.8541;1.022
9.900009;0.2394;0.5179;0.8629;1.034
9.904264;0.2345;0.5052;0.8678;1.031
9.909518;0.2169;0.5042;0.8795;1.037
9.914433;0.2052;0.5013;0.8775;1.031
9.919390;0.1759;0.5111;0.8756;1.029
9.926311;0.1573;0.5218;0.8678;1.025
9.929918;0.1446;0.5287;0.8717;1.030
9.934255;0.1270;0.5355;0.8766;1.035
9.939520;0.1134;0.5414;0.8815;1.041
9.951993;0.1173;0.5453;0.8815;1.043
9.953434;0.1202;0.5502;0.8736;1.039
9.954381;0.1134;0.5424;0.8697;1.031
9.990920;0.1163;0.5336;0.8746;1.031
9.992569;0.1192;0.5277;0.8629;1.018
9.994633;0.1407;0.5160;0.8629;1.015
9.995613;0.1495;0.5091;0.8658;1.015
9.996554;0.1495;0.5101;0.8678;1.018
9.997353;0.1661;0.5238;0.8775;1.035
9.998183;0.1710;0.5150;0.8824;1.036
9.998990;0.1739;0.5140;0.8912;1.043
9.999829;0.1749;0.5160;0.8834;1.038
10.004641;0.1769;0.5140;0.8971;1.049
10.010016;0.1779;0.5257;0.8932;1.052
10.014479;0.1730;0.5209;0.8893;1.045
10.019388;0.1691;0.5209;0.8912;1.046
10.026074;0.1632;0.5267;0.8756;1.035
10.029332;0.1593;0.5228;0.8736;1.031
10.034063;0.1456;0.5228;0.8707;1.026
10.038903;0.1495;0.5209;0.8717;1.026
10.051911;0.1339;0.5228;0.8717;1.025
10.053308;0.1368;0.5287;0.8727;1.029
10.054989;0.1456;0.5257;0.8678;1.025
10.089394;0.1495;0.5121;0.8756;1.025
10.091306;0.1554;0.5150;0.8629;1.017
10.092178;0.1544;0.5091;0.8707;1.020
10.092738;0.1505;0.5160;0.8717;1.024
10.093279;0.1524;0.5160;0.8717;1.024
10.094105;0.1515;0.5209;0.8678;1.023
10.095041;0.1573;0.5199;0.8815;1.035
10.095826;0.1573;0.5209;0.8815;1.036
10.099728;0.1515;0.5199;0.8795;1.033
10.104239;0.1622;0.5218;0.8775;1.034
10.110004;0.1515;0.5082;0.8795;1.027
10.115049;0.1466;0.5121;0.8717;1.022
10.119980;0.1515;0.5121;0.8658;1.017
10.127314;0.1573;0.5140;0.8707;1.023
10.130138;0.1534;0.5160;0.8756;1.028
10.134317;0.1554;0.5199;0.8785;1.033
10.139182;0.1476;0.5062;0.8756;1.022
10.151714;0.1466;0.5209;0.8824;1.035
10.153192;0.1554;0.5199;0.8834;1.037
10.154726;0.1417;0.5218;0.8414;1.000
10.188411;0.1524;0.5140;0.7691;0.938
10.189864;0.1554;0.5121;0.8502;1.005
10.190652;0.1593;0.5150;0.9039;1.052
10.191211;0.1603;0.5160;0.8668;1.021
10.191687;0.1446;0.5209;0.8453;1.003
10.192149;0.1417;0.5267;0.8912;1.045
10.192757;0.1427;0.5199;0.9186;1.065
10.194760;0.1495;0.5277;0.9264;1.077
10.199274;0.1446;0.5170;0.9323;1.076
10.203714;0.1534;0.5150;0.9196;1.065
10.208995;0.1485;0.5170;0.9205;1.066
10.213633;0.1456;0.5189;0.9137;1.061
10.218744;0.1485;0.5082;0.9176;1.059
10.225463;0.1417;0.5189;0.8961;1.045
10.228945;0.1466;0.5111;0.9127;1.056
10.233832;0.1446;0.5140;0.9049;1.051
10.238945;0.1466;0.5160;0.8873;1.037
10.249617;0.1397;0.5179;0.8707;1.023
10.250907;0.1417;0.5140;0.8492;1.003
10.254267;0.1544;0.5150;0.8355;0.994
10.271752;0.1554;0.5130;0.8189;0.979
10.273109;0.1495;0.5150;0.8404;0.997
10.273858;0.1524;0.5199;0.8590;1.016
10.274436;0.1456;0.5091;0.8697;1.018
10.278709;0.1456;0.5062;0.8912;1.035
10.283575;0.1456;0.5130;0.9020;1.048
10.288499;0.1388;0.5199;0.8912;1.041
10.293636;0.1388;0.5189;0.8951;1.044
10.299288;0.1349;0.5082;0.8922;1.036
10.303852;0.1192;0.4808;0.8590;0.992
10.308921;0.1300;0.5042;0.8639;1.009
